family_id	method	branch_id	foreground_taxon	aligned_site_index_zero	original_site_index_zero	prob_positive	called_positive	tier_model	calibrated_threshold	diagnostic_only
empirical	user_msa	SMAR006602-PA	SMAR006602-PA	0	0	0.0	0	extreme	0.214	False
empirical	user_msa	SMAR006602-PA	SMAR006602-PA	1	1	0.0	0	extreme	0.214	False
empirical	user_msa	SMAR006602-PA	SMAR006602-PA	2	2	0.0	0	extreme	0.214	False
empirical	user_msa	SMAR006602-PA	SMAR006602-PA	3	3	0.0	0	extreme	0.214	False
empirical	user_msa	SMAR006602-PA	SMAR006602-PA	4	4	0.0	0	extreme	0.214	False
empirical	user_msa	SMAR006602-PA	SMAR006602-PA	5	5	0.0	0	extreme	0.214	False
empirical	user_msa	SMAR006602-PA	SMAR006602-PA	6	6	0.0	0	extreme	0.214	False
empirical	user_msa	SMAR006602-PA	SMAR006602-PA	7	7	0.0	0	extreme	0.214	False
empirical	user_msa	SMAR006602-PA	SMAR006602-PA	8	8	0.0	0	extreme	0.214	False
empirical	user_msa	SMAR006602-PA	SMAR006602-PA	9	9	0.0	0	extreme	0.214	False
empirical	user_msa	SMAR006602-PA	SMAR006602-PA	10	10	0.0	0	extreme	0.214	False
empirical	user_msa	SMAR006602-PA	SMAR006602-PA	11	11	0.0	0	extreme	0.214	False
empirical	user_msa	SMAR006602-PA	SMAR006602-PA	12	12	0.0	0	extreme	0.214	False
empirical	user_msa	SMAR006602-PA	SMAR006602-PA	13	13	0.0	0	extreme	0.214	False
empirical	user_msa	SMAR006602-PA	SMAR006602-PA	14	14	0.0	0	extreme	0.214	False
empirical	user_msa	SMAR006602-PA	SMAR006602-PA	15	15	0.0	0	extreme	0.214	False
empirical	user_msa	SMAR006602-PA	SMAR006602-PA	16	16	0.0	0	extreme	0.214	False
empirical	user_msa	SMAR006602-PA	SMAR006602-PA	17	17	0.0	0	extreme	0.214	False
empirical	user_msa	SMAR006602-PA	SMAR006602-PA	18	18	0.0	0	extreme	0.214	False
empirical	user_msa	SMAR006602-PA	SMAR006602-PA	19	19	0.0	0	extreme	0.214	False
empirical	user_msa	SMAR006602-PA	SMAR006602-PA	20	20	0.0	0	extreme	0.214	False
empirical	user_msa	SMAR006602-PA	SMAR006602-PA	21	21	0.0	0	extreme	0.214	False
empirical	user_msa	SMAR006602-PA	SMAR006602-PA	22	22	0.0	0	extreme	0.214	False
empirical	user_msa	SMAR006602-PA	SMAR006602-PA	23	23	0.0	0	extreme	0.214	False
empirical	user_msa	SMAR006602-PA	SMAR006602-PA	24	24	0.0	0	extreme	0.214	False
empirical	user_msa	SMAR006602-PA	SMAR006602-PA	25	25	0.0	0	extreme	0.214	False
empirical	user_msa	SMAR006602-PA	SMAR006602-PA	26	26	0.0	0	extreme	0.214	False
empirical	user_msa	SMAR006602-PA	SMAR006602-PA	27	27	0.0	0	extreme	0.214	False
empirical	user_msa	SMAR006602-PA	SMAR006602-PA	28	28	0.0	0	extreme	0.214	False
empirical	user_msa	SMAR006602-PA	SMAR006602-PA	29	29	0.0	0	extreme	0.214	False
empirical	user_msa	SMAR006602-PA	SMAR006602-PA	30	30	0.0	0	extreme	0.214	False
empirical	user_msa	SMAR006602-PA	SMAR006602-PA	31	31	0.0	0	extreme	0.214	False
empirical	user_msa	SMAR006602-PA	SMAR006602-PA	32	32	0.0	0	extreme	0.214	False
empirical	user_msa	SMAR006602-PA	SMAR006602-PA	33	33	0.0	0	extreme	0.214	False
empirical	user_msa	SMAR006602-PA	SMAR006602-PA	34	34	0.0	0	extreme	0.214	False
empirical	user_msa	SMAR006602-PA	SMAR006602-PA	35	35	0.0	0	extreme	0.214	False
empirical	user_msa	SMAR006602-PA	SMAR006602-PA	36	36	0.0	0	extreme	0.214	False
empirical	user_msa	SMAR006602-PA	SMAR006602-PA	37	37	0.0	0	extreme	0.214	False
empirical	user_msa	SMAR006602-PA	SMAR006602-PA	38	38	0.0	0	extreme	0.214	False
empirical	user_msa	SMAR006602-PA	SMAR006602-PA	39	39	0.0	0	extreme	0.214	False
empirical	user_msa	SMAR006602-PA	SMAR006602-PA	40	40	0.0	0	extreme	0.214	False
empirical	user_msa	SMAR006602-PA	SMAR006602-PA	41	41	0.0	0	extreme	0.214	False
empirical	user_msa	SMAR006602-PA	SMAR006602-PA	42	42	0.0	0	extreme	0.214	False
empirical	user_msa	SMAR006602-PA	SMAR006602-PA	43	43	0.0	0	extreme	0.214	False
empirical	user_msa	SMAR006602-PA	SMAR006602-PA	44	44	0.0	0	extreme	0.214	False
empirical	user_msa	SMAR006602-PA	SMAR006602-PA	45	45	0.0	0	extreme	0.214	False
empirical	user_msa	SMAR006602-PA	SMAR006602-PA	46	46	0.0	0	extreme	0.214	False
empirical	user_msa	SMAR006602-PA	SMAR006602-PA	47	47	0.0	0	extreme	0.214	False
empirical	user_msa	SMAR006602-PA	SMAR006602-PA	48	48	0.0	0	extreme	0.214	False
empirical	user_msa	SMAR006602-PA	SMAR006602-PA	49	49	0.0	0	extreme	0.214	False
empirical	user_msa	SMAR006602-PA	SMAR006602-PA	50	50	0.0	0	extreme	0.214	False
empirical	user_msa	SMAR006602-PA	SMAR006602-PA	51	51	0.0	0	extreme	0.214	False
empirical	user_msa	SMAR006602-PA	SMAR006602-PA	52	52	0.0	0	extreme	0.214	False
empirical	user_msa	SMAR006602-PA	SMAR006602-PA	53	53	0.0	0	extreme	0.214	False
empirical	user_msa	SMAR006602-PA	SMAR006602-PA	54	54	0.0	0	extreme	0.214	False
empirical	user_msa	SMAR006602-PA	SMAR006602-PA	55	55	0.0	0	extreme	0.214	False
empirical	user_msa	SMAR006602-PA	SMAR006602-PA	56	56	0.0	0	extreme	0.214	False
empirical	user_msa	SMAR006602-PA	SMAR006602-PA	57	57	0.0	0	extreme	0.214	False
empirical	user_msa	SMAR006602-PA	SMAR006602-PA	58	58	0.0	0	extreme	0.214	False
empirical	user_msa	SMAR006602-PA	SMAR006602-PA	59	59	0.0	0	extreme	0.214	False
empirical	user_msa	SMAR006602-PA	SMAR006602-PA	60	60	0.0	0	extreme	0.214	False
empirical	user_msa	SMAR006602-PA	SMAR006602-PA	61	61	0.0	0	extreme	0.214	False
empirical	user_msa	SMAR006602-PA	SMAR006602-PA	62	62	0.0	0	extreme	0.214	False
empirical	user_msa	SMAR006602-PA	SMAR006602-PA	63	63	0.0	0	extreme	0.214	False
empirical	user_msa	SMAR006602-PA	SMAR006602-PA	64	64	0.0	0	extreme	0.214	False
empirical	user_msa	SMAR006602-PA	SMAR006602-PA	65	65	0.0	0	extreme	0.214	False
empirical	user_msa	SMAR006602-PA	SMAR006602-PA	66	66	0.0	0	extreme	0.214	False
empirical	user_msa	SMAR006602-PA	SMAR006602-PA	67	67	0.0	0	extreme	0.214	False
empirical	user_msa	SMAR006602-PA	SMAR006602-PA	68	68	0.0	0	extreme	0.214	False
empirical	user_msa	SMAR006602-PA	SMAR006602-PA	69	69	0.0	0	extreme	0.214	False
empirical	user_msa	SMAR006602-PA	SMAR006602-PA	70	70	0.0	0	extreme	0.214	False
empirical	user_msa	SMAR006602-PA	SMAR006602-PA	71	71	0.0	0	extreme	0.214	False
empirical	user_msa	SMAR006602-PA	SMAR006602-PA	72	72	0.0	0	extreme	0.214	False
empirical	user_msa	SMAR006602-PA	SMAR006602-PA	73	73	0.0	0	extreme	0.214	False
empirical	user_msa	SMAR006602-PA	SMAR006602-PA	74	74	0.0	0	extreme	0.214	False
empirical	user_msa	SMAR006602-PA	SMAR006602-PA	75	75	0.0	0	extreme	0.214	False
empirical	user_msa	SMAR006602-PA	SMAR006602-PA	76	76	0.0	0	extreme	0.214	False
empirical	user_msa	SMAR006602-PA	SMAR006602-PA	77	77	0.0	0	extreme	0.214	False
empirical	user_msa	SMAR006602-PA	SMAR006602-PA	78	78	0.0	0	extreme	0.214	False
empirical	user_msa	SMAR006602-PA	SMAR006602-PA	79	79	0.0	0	extreme	0.214	False
empirical	user_msa	SMAR006602-PA	SMAR006602-PA	80	80	0.0	0	extreme	0.214	False
empirical	user_msa	SMAR006602-PA	SMAR006602-PA	81	81	0.0	0	extreme	0.214	False
empirical	user_msa	SMAR006602-PA	SMAR006602-PA	82	82	0.0	0	extreme	0.214	False
empirical	user_msa	SMAR006602-PA	SMAR006602-PA	83	83	0.0	0	extreme	0.214	False
empirical	user_msa	SMAR006602-PA	SMAR006602-PA	84	84	0.0	0	extreme	0.214	False
empirical	user_msa	SMAR006602-PA	SMAR006602-PA	85	85	0.0	0	extreme	0.214	False
empirical	user_msa	SMAR006602-PA	SMAR006602-PA	86	86	0.0	0	extreme	0.214	False
empirical	user_msa	SMAR006602-PA	SMAR006602-PA	87	87	0.0	0	extreme	0.214	False
empirical	user_msa	SMAR006602-PA	SMAR006602-PA	88	88	0.0	0	extreme	0.214	False
empirical	user_msa	SMAR006602-PA	SMAR006602-PA	89	89	0.0	0	extreme	0.214	False
empirical	user_msa	SMAR006602-PA	SMAR006602-PA	90	90	0.0	0	extreme	0.214	False
empirical	user_msa	SMAR006602-PA	SMAR006602-PA	91	91	0.0	0	extreme	0.214	False
empirical	user_msa	SMAR006602-PA	SMAR006602-PA	92	92	0.0	0	extreme	0.214	False
empirical	user_msa	SMAR006602-PA	SMAR006602-PA	93	93	0.0	0	extreme	0.214	False
empirical	user_msa	SMAR006602-PA	SMAR006602-PA	94	94	0.0	0	extreme	0.214	False
empirical	user_msa	SMAR006602-PA	SMAR006602-PA	95	95	0.0	0	extreme	0.214	False
empirical	user_msa	SMAR006602-PA	SMAR006602-PA	96	96	0.0	0	extreme	0.214	False
empirical	user_msa	SMAR006602-PA	SMAR006602-PA	97	97	0.0	0	extreme	0.214	False
empirical	user_msa	SMAR006602-PA	SMAR006602-PA	98	98	0.0	0	extreme	0.214	False
empirical	user_msa	SMAR006602-PA	SMAR006602-PA	99	99	0.0	0	extreme	0.214	False
empirical	user_msa	SMAR006602-PA	SMAR006602-PA	100	100	0.0	0	extreme	0.214	False
empirical	user_msa	SMAR006602-PA	SMAR006602-PA	101	101	0.0	0	extreme	0.214	False
empirical	user_msa	SMAR006602-PA	SMAR006602-PA	102	102	0.0	0	extreme	0.214	False
empirical	user_msa	SMAR006602-PA	SMAR006602-PA	103	103	0.0	0	extreme	0.214	False
empirical	user_msa	SMAR006602-PA	SMAR006602-PA	104	104	0.0	0	extreme	0.214	False
empirical	user_msa	SMAR006602-PA	SMAR006602-PA	105	105	0.0	0	extreme	0.214	False
empirical	user_msa	SMAR006602-PA	SMAR006602-PA	106	106	0.0	0	extreme	0.214	False
empirical	user_msa	SMAR006602-PA	SMAR006602-PA	107	107	0.0	0	extreme	0.214	False
empirical	user_msa	SMAR006602-PA	SMAR006602-PA	108	108	0.0	0	extreme	0.214	False
empirical	user_msa	SMAR006602-PA	SMAR006602-PA	109	109	0.0	0	extreme	0.214	False
empirical	user_msa	SMAR006602-PA	SMAR006602-PA	110	110	0.0	0	extreme	0.214	False
empirical	user_msa	SMAR006602-PA	SMAR006602-PA	111	111	0.0	0	extreme	0.214	False
empirical	user_msa	SMAR006602-PA	SMAR006602-PA	112	112	0.0	0	extreme	0.214	False
empirical	user_msa	SMAR006602-PA	SMAR006602-PA	113	113	0.0	0	extreme	0.214	False
empirical	user_msa	SMAR006602-PA	SMAR006602-PA	114	114	0.0	0	extreme	0.214	False
empirical	user_msa	SMAR006602-PA	SMAR006602-PA	115	115	0.0	0	extreme	0.214	False
empirical	user_msa	SMAR006602-PA	SMAR006602-PA	116	116	0.0	0	extreme	0.214	False
empirical	user_msa	SMAR006602-PA	SMAR006602-PA	117	117	0.0	0	extreme	0.214	False
empirical	user_msa	SMAR006602-PA	SMAR006602-PA	118	118	0.0	0	extreme	0.214	False
empirical	user_msa	SMAR006602-PA	SMAR006602-PA	119	119	0.0	0	extreme	0.214	False
empirical	user_msa	SMAR006602-PA	SMAR006602-PA	120	120	0.0	0	extreme	0.214	False
empirical	user_msa	SMAR006602-PA	SMAR006602-PA	121	121	0.0	0	extreme	0.214	False
empirical	user_msa	SMAR006602-PA	SMAR006602-PA	122	122	0.0	0	extreme	0.214	False
empirical	user_msa	SMAR006602-PA	SMAR006602-PA	123	123	0.0	0	extreme	0.214	False
empirical	user_msa	SMAR006602-PA	SMAR006602-PA	124	124	0.0	0	extreme	0.214	False
empirical	user_msa	SMAR006602-PA	SMAR006602-PA	125	125	0.0	0	extreme	0.214	False
empirical	user_msa	SMAR006602-PA	SMAR006602-PA	126	126	0.0	0	extreme	0.214	False
empirical	user_msa	SMAR006602-PA	SMAR006602-PA	127	127	0.0	0	extreme	0.214	False
empirical	user_msa	SMAR006602-PA	SMAR006602-PA	128	128	0.0	0	extreme	0.214	False
empirical	user_msa	SMAR006602-PA	SMAR006602-PA	129	129	0.0	0	extreme	0.214	False
empirical	user_msa	SMAR006602-PA	SMAR006602-PA	130	130	0.0	0	extreme	0.214	False
empirical	user_msa	SMAR006602-PA	SMAR006602-PA	131	131	0.0	0	extreme	0.214	False
empirical	user_msa	SMAR006602-PA	SMAR006602-PA	132	132	0.0	0	extreme	0.214	False
empirical	user_msa	SMAR006602-PA	SMAR006602-PA	133	133	0.0	0	extreme	0.214	False
empirical	user_msa	SMAR006602-PA	SMAR006602-PA	134	134	0.0	0	extreme	0.214	False
empirical	user_msa	SMAR006602-PA	SMAR006602-PA	135	135	0.0	0	extreme	0.214	False
empirical	user_msa	SMAR006602-PA	SMAR006602-PA	136	136	0.0	0	extreme	0.214	False
empirical	user_msa	SMAR006602-PA	SMAR006602-PA	137	137	0.0	0	extreme	0.214	False
empirical	user_msa	SMAR006602-PA	SMAR006602-PA	138	138	0.0	0	extreme	0.214	False
empirical	user_msa	SMAR006602-PA	SMAR006602-PA	139	139	0.0	0	extreme	0.214	False
empirical	user_msa	SMAR006602-PA	SMAR006602-PA	140	140	0.0	0	extreme	0.214	False
empirical	user_msa	SMAR006602-PA	SMAR006602-PA	141	141	0.0	0	extreme	0.214	False
empirical	user_msa	SMAR006602-PA	SMAR006602-PA	142	142	0.0	0	extreme	0.214	False
empirical	user_msa	SMAR006602-PA	SMAR006602-PA	143	143	0.0	0	extreme	0.214	False
empirical	user_msa	SMAR006602-PA	SMAR006602-PA	144	144	0.0	0	extreme	0.214	False
empirical	user_msa	SMAR006602-PA	SMAR006602-PA	145	145	0.0	0	extreme	0.214	False
empirical	user_msa	SMAR006602-PA	SMAR006602-PA	146	146	0.0	0	extreme	0.214	False
empirical	user_msa	SMAR006602-PA	SMAR006602-PA	147	147	0.0	0	extreme	0.214	False
empirical	user_msa	SMAR006602-PA	SMAR006602-PA	148	148	0.0	0	extreme	0.214	False
empirical	user_msa	SMAR006602-PA	SMAR006602-PA	149	149	0.0	0	extreme	0.214	False
empirical	user_msa	SMAR006602-PA	SMAR006602-PA	150	150	0.0	0	extreme	0.214	False
empirical	user_msa	SMAR006602-PA	SMAR006602-PA	151	151	0.0	0	extreme	0.214	False
empirical	user_msa	SMAR006602-PA	SMAR006602-PA	152	152	0.0	0	extreme	0.214	False
empirical	user_msa	SMAR006602-PA	SMAR006602-PA	153	153	0.0	0	extreme	0.214	False
empirical	user_msa	SMAR006602-PA	SMAR006602-PA	154	154	0.0	0	extreme	0.214	False
empirical	user_msa	SMAR006602-PA	SMAR006602-PA	155	155	0.0	0	extreme	0.214	False
empirical	user_msa	SMAR006602-PA	SMAR006602-PA	156	156	0.0	0	extreme	0.214	False
empirical	user_msa	SMAR006602-PA	SMAR006602-PA	157	157	0.0	0	extreme	0.214	False
empirical	user_msa	SMAR006602-PA	SMAR006602-PA	158	158	0.0	0	extreme	0.214	False
empirical	user_msa	SMAR006602-PA	SMAR006602-PA	159	159	0.0	0	extreme	0.214	False
empirical	user_msa	SMAR006602-PA	SMAR006602-PA	160	160	0.0	0	extreme	0.214	False
empirical	user_msa	SMAR006602-PA	SMAR006602-PA	161	161	0.0	0	extreme	0.214	False
empirical	user_msa	SMAR006602-PA	SMAR006602-PA	162	162	0.0	0	extreme	0.214	False
empirical	user_msa	SMAR006602-PA	SMAR006602-PA	163	163	0.0	0	extreme	0.214	False
empirical	user_msa	SMAR006602-PA	SMAR006602-PA	164	164	0.0	0	extreme	0.214	False
empirical	user_msa	SMAR006602-PA	SMAR006602-PA	165	165	0.0	0	extreme	0.214	False
empirical	user_msa	SMAR006602-PA	SMAR006602-PA	166	166	0.0	0	extreme	0.214	False
empirical	user_msa	SMAR006602-PA	SMAR006602-PA	167	167	0.0	0	extreme	0.214	False
empirical	user_msa	SMAR006602-PA	SMAR006602-PA	168	168	0.0	0	extreme	0.214	False
empirical	user_msa	SMAR006602-PA	SMAR006602-PA	169	169	0.0	0	extreme	0.214	False
empirical	user_msa	SMAR006602-PA	SMAR006602-PA	170	170	0.0	0	extreme	0.214	False
empirical	user_msa	SMAR006602-PA	SMAR006602-PA	171	171	0.0	0	extreme	0.214	False
empirical	user_msa	SMAR006602-PA	SMAR006602-PA	172	172	0.0	0	extreme	0.214	False
empirical	user_msa	SMAR006602-PA	SMAR006602-PA	173	173	0.0	0	extreme	0.214	False
empirical	user_msa	SMAR006602-PA	SMAR006602-PA	174	174	0.0	0	extreme	0.214	False
empirical	user_msa	SMAR006602-PA	SMAR006602-PA	175	175	0.0	0	extreme	0.214	False
empirical	user_msa	SMAR006602-PA	SMAR006602-PA	176	176	0.0	0	extreme	0.214	False
empirical	user_msa	SMAR006602-PA	SMAR006602-PA	177	177	0.0	0	extreme	0.214	False
empirical	user_msa	SMAR006602-PA	SMAR006602-PA	178	178	0.0	0	extreme	0.214	False
empirical	user_msa	SMAR006602-PA	SMAR006602-PA	179	179	0.0	0	extreme	0.214	False
empirical	user_msa	SMAR006602-PA	SMAR006602-PA	180	180	0.0	0	extreme	0.214	False
empirical	user_msa	SMAR006602-PA	SMAR006602-PA	181	181	0.0	0	extreme	0.214	False
empirical	user_msa	SMAR006602-PA	SMAR006602-PA	182	182	0.0	0	extreme	0.214	False
empirical	user_msa	SMAR006602-PA	SMAR006602-PA	183	183	0.0	0	extreme	0.214	False
empirical	user_msa	SMAR006602-PA	SMAR006602-PA	184	184	0.0	0	extreme	0.214	False
empirical	user_msa	SMAR006602-PA	SMAR006602-PA	185	185	0.0	0	extreme	0.214	False
empirical	user_msa	SMAR006602-PA	SMAR006602-PA	186	186	0.0	0	extreme	0.214	False
empirical	user_msa	SMAR006602-PA	SMAR006602-PA	187	187	0.0	0	extreme	0.214	False
empirical	user_msa	SMAR006602-PA	SMAR006602-PA	188	188	0.0	0	extreme	0.214	False
empirical	user_msa	SMAR006602-PA	SMAR006602-PA	189	189	0.0	0	extreme	0.214	False
empirical	user_msa	SMAR006602-PA	SMAR006602-PA	190	190	0.0	0	extreme	0.214	False
empirical	user_msa	SMAR006602-PA	SMAR006602-PA	191	191	0.0	0	extreme	0.214	False
empirical	user_msa	SMAR006602-PA	SMAR006602-PA	192	192	0.0	0	extreme	0.214	False
empirical	user_msa	SMAR006602-PA	SMAR006602-PA	193	193	0.0	0	extreme	0.214	False
empirical	user_msa	SMAR006602-PA	SMAR006602-PA	194	194	0.0	0	extreme	0.214	False
empirical	user_msa	SMAR006602-PA	SMAR006602-PA	195	195	0.0	0	extreme	0.214	False
empirical	user_msa	SMAR006602-PA	SMAR006602-PA	196	196	0.0	0	extreme	0.214	False
empirical	user_msa	SMAR006602-PA	SMAR006602-PA	197	197	0.0	0	extreme	0.214	False
empirical	user_msa	SMAR006602-PA	SMAR006602-PA	198	198	0.0	0	extreme	0.214	False
empirical	user_msa	SMAR006602-PA	SMAR006602-PA	199	199	0.0	0	extreme	0.214	False
empirical	user_msa	SMAR006602-PA	SMAR006602-PA	200	200	0.0	0	extreme	0.214	False
empirical	user_msa	SMAR006602-PA	SMAR006602-PA	201	201	0.0	0	extreme	0.214	False
empirical	user_msa	SMAR006602-PA	SMAR006602-PA	202	202	0.0	0	extreme	0.214	False
empirical	user_msa	SMAR006602-PA	SMAR006602-PA	203	203	0.0	0	extreme	0.214	False
empirical	user_msa	SMAR006602-PA	SMAR006602-PA	204	204	0.0	0	extreme	0.214	False
empirical	user_msa	SMAR006602-PA	SMAR006602-PA	205	205	0.0	0	extreme	0.214	False
empirical	user_msa	SMAR006602-PA	SMAR006602-PA	206	206	0.0	0	extreme	0.214	False
empirical	user_msa	SMAR006602-PA	SMAR006602-PA	207	207	0.0	0	extreme	0.214	False
empirical	user_msa	SMAR006602-PA	SMAR006602-PA	208	208	0.0	0	extreme	0.214	False
empirical	user_msa	SMAR006602-PA	SMAR006602-PA	209	209	0.0	0	extreme	0.214	False
empirical	user_msa	SMAR006602-PA	SMAR006602-PA	210	210	0.0	0	extreme	0.214	False
empirical	user_msa	SMAR006602-PA	SMAR006602-PA	211	211	0.0	0	extreme	0.214	False
empirical	user_msa	SMAR006602-PA	SMAR006602-PA	212	212	0.0	0	extreme	0.214	False
empirical	user_msa	SMAR006602-PA	SMAR006602-PA	213	213	0.0	0	extreme	0.214	False
empirical	user_msa	SMAR006602-PA	SMAR006602-PA	214	214	0.0	0	extreme	0.214	False
empirical	user_msa	SMAR006602-PA	SMAR006602-PA	215	215	0.0	0	extreme	0.214	False
empirical	user_msa	SMAR006602-PA	SMAR006602-PA	216	216	0.0	0	extreme	0.214	False
empirical	user_msa	SMAR006602-PA	SMAR006602-PA	217	217	0.0	0	extreme	0.214	False
empirical	user_msa	SMAR006602-PA	SMAR006602-PA	218	218	0.0	0	extreme	0.214	False
empirical	user_msa	SMAR006602-PA	SMAR006602-PA	219	219	0.0	0	extreme	0.214	False
empirical	user_msa	SMAR006602-PA	SMAR006602-PA	220	220	0.0	0	extreme	0.214	False
empirical	user_msa	SMAR006602-PA	SMAR006602-PA	221	221	0.0	0	extreme	0.214	False
empirical	user_msa	SMAR006602-PA	SMAR006602-PA	222	222	0.0	0	extreme	0.214	False
empirical	user_msa	SMAR006602-PA	SMAR006602-PA	223	223	0.0	0	extreme	0.214	False
empirical	user_msa	SMAR006602-PA	SMAR006602-PA	224	224	0.0	0	extreme	0.214	False
empirical	user_msa	SMAR006602-PA	SMAR006602-PA	225	225	0.0	0	extreme	0.214	False
empirical	user_msa	SMAR006602-PA	SMAR006602-PA	226	226	0.0	0	extreme	0.214	False
empirical	user_msa	SMAR006602-PA	SMAR006602-PA	227	227	0.0	0	extreme	0.214	False
empirical	user_msa	SMAR006602-PA	SMAR006602-PA	228	228	0.0	0	extreme	0.214	False
empirical	user_msa	SMAR006602-PA	SMAR006602-PA	229	229	0.0	0	extreme	0.214	False
empirical	user_msa	SMAR006602-PA	SMAR006602-PA	230	230	0.0	0	extreme	0.214	False
empirical	user_msa	SMAR006602-PA	SMAR006602-PA	231	231	0.0	0	extreme	0.214	False
empirical	user_msa	SMAR006602-PA	SMAR006602-PA	232	232	0.0	0	extreme	0.214	False
empirical	user_msa	SMAR006602-PA	SMAR006602-PA	233	233	0.0	0	extreme	0.214	False
empirical	user_msa	SMAR006602-PA	SMAR006602-PA	234	234	0.0	0	extreme	0.214	False
empirical	user_msa	SMAR006602-PA	SMAR006602-PA	235	235	0.0	0	extreme	0.214	False
empirical	user_msa	SMAR006602-PA	SMAR006602-PA	236	236	0.0	0	extreme	0.214	False
empirical	user_msa	SMAR006602-PA	SMAR006602-PA	237	237	0.0	0	extreme	0.214	False
empirical	user_msa	SMAR006602-PA	SMAR006602-PA	238	238	0.0	0	extreme	0.214	False
empirical	user_msa	SMAR006602-PA	SMAR006602-PA	239	239	0.0	0	extreme	0.214	False
empirical	user_msa	SMAR006602-PA	SMAR006602-PA	240	240	0.0	0	extreme	0.214	False
empirical	user_msa	SMAR006602-PA	SMAR006602-PA	241	241	0.0	0	extreme	0.214	False
empirical	user_msa	SMAR006602-PA	SMAR006602-PA	242	242	0.0	0	extreme	0.214	False
empirical	user_msa	SMAR006602-PA	SMAR006602-PA	243	243	0.0	0	extreme	0.214	False
empirical	user_msa	SMAR006602-PA	SMAR006602-PA	244	244	0.0	0	extreme	0.214	False
empirical	user_msa	SMAR006602-PA	SMAR006602-PA	245	245	0.0	0	extreme	0.214	False
empirical	user_msa	SMAR006602-PA	SMAR006602-PA	246	246	0.0	0	extreme	0.214	False
empirical	user_msa	SMAR006602-PA	SMAR006602-PA	247	247	0.0	0	extreme	0.214	False
empirical	user_msa	SMAR006602-PA	SMAR006602-PA	248	248	0.0	0	extreme	0.214	False
empirical	user_msa	SMAR006602-PA	SMAR006602-PA	249	249	0.0	0	extreme	0.214	False
empirical	user_msa	SMAR006602-PA	SMAR006602-PA	250	250	0.0	0	extreme	0.214	False
empirical	user_msa	SMAR006602-PA	SMAR006602-PA	251	251	0.0	0	extreme	0.214	False
empirical	user_msa	SMAR006602-PA	SMAR006602-PA	252	252	0.0	0	extreme	0.214	False
empirical	user_msa	SMAR006602-PA	SMAR006602-PA	253	253	0.0	0	extreme	0.214	False
empirical	user_msa	SMAR006602-PA	SMAR006602-PA	254	254	0.0	0	extreme	0.214	False
empirical	user_msa	SMAR006602-PA	SMAR006602-PA	255	255	0.0	0	extreme	0.214	False
empirical	user_msa	SMAR006602-PA	SMAR006602-PA	256	256	0.0	0	extreme	0.214	False
empirical	user_msa	SMAR006602-PA	SMAR006602-PA	257	257	0.0	0	extreme	0.214	False
empirical	user_msa	SMAR006602-PA	SMAR006602-PA	258	258	0.0	0	extreme	0.214	False
empirical	user_msa	SMAR006602-PA	SMAR006602-PA	259	259	0.0	0	extreme	0.214	False
empirical	user_msa	SMAR006602-PA	SMAR006602-PA	260	260	0.0	0	extreme	0.214	False
empirical	user_msa	SMAR006602-PA	SMAR006602-PA	261	261	0.0	0	extreme	0.214	False
empirical	user_msa	SMAR006602-PA	SMAR006602-PA	262	262	0.0	0	extreme	0.214	False
empirical	user_msa	SMAR006602-PA	SMAR006602-PA	263	263	0.0	0	extreme	0.214	False
empirical	user_msa	SMAR006602-PA	SMAR006602-PA	264	264	0.0	0	extreme	0.214	False
empirical	user_msa	SMAR006602-PA	SMAR006602-PA	265	265	0.0	0	extreme	0.214	False
empirical	user_msa	SMAR006602-PA	SMAR006602-PA	266	266	0.0	0	extreme	0.214	False
empirical	user_msa	SMAR006602-PA	SMAR006602-PA	267	267	0.0	0	extreme	0.214	False
empirical	user_msa	SMAR006602-PA	SMAR006602-PA	268	268	0.0	0	extreme	0.214	False
empirical	user_msa	SMAR006602-PA	SMAR006602-PA	269	269	0.0	0	extreme	0.214	False
empirical	user_msa	SMAR006602-PA	SMAR006602-PA	270	270	0.0	0	extreme	0.214	False
empirical	user_msa	SMAR006602-PA	SMAR006602-PA	271	271	0.0	0	extreme	0.214	False
empirical	user_msa	SMAR006602-PA	SMAR006602-PA	272	272	0.0	0	extreme	0.214	False
empirical	user_msa	SMAR006602-PA	SMAR006602-PA	273	273	0.0	0	extreme	0.214	False
empirical	user_msa	SMAR006602-PA	SMAR006602-PA	274	274	0.0	0	extreme	0.214	False
empirical	user_msa	SMAR006602-PA	SMAR006602-PA	275	275	0.0	0	extreme	0.214	False
empirical	user_msa	SMAR006602-PA	SMAR006602-PA	276	276	0.0	0	extreme	0.214	False
empirical	user_msa	SMAR006602-PA	SMAR006602-PA	277	277	0.0	0	extreme	0.214	False
empirical	user_msa	SMAR006602-PA	SMAR006602-PA	278	278	0.0	0	extreme	0.214	False
empirical	user_msa	SMAR006602-PA	SMAR006602-PA	279	279	0.0	0	extreme	0.214	False
empirical	user_msa	SMAR006602-PA	SMAR006602-PA	280	280	0.0	0	extreme	0.214	False
empirical	user_msa	SMAR006602-PA	SMAR006602-PA	281	281	0.0	0	extreme	0.214	False
empirical	user_msa	SMAR006602-PA	SMAR006602-PA	282	282	0.0	0	extreme	0.214	False
empirical	user_msa	SMAR006602-PA	SMAR006602-PA	283	283	0.0	0	extreme	0.214	False
empirical	user_msa	SMAR006602-PA	SMAR006602-PA	284	284	0.0	0	extreme	0.214	False
empirical	user_msa	SMAR006602-PA	SMAR006602-PA	285	285	0.0	0	extreme	0.214	False
empirical	user_msa	SMAR006602-PA	SMAR006602-PA	286	286	0.0	0	extreme	0.214	False
empirical	user_msa	SMAR006602-PA	SMAR006602-PA	287	287	0.0	0	extreme	0.214	False
empirical	user_msa	SMAR006602-PA	SMAR006602-PA	288	288	0.0	0	extreme	0.214	False
empirical	user_msa	SMAR006602-PA	SMAR006602-PA	289	289	0.0	0	extreme	0.214	False
empirical	user_msa	SMAR006602-PA	SMAR006602-PA	290	290	0.0	0	extreme	0.214	False
empirical	user_msa	SMAR006602-PA	SMAR006602-PA	291	291	0.0	0	extreme	0.214	False
empirical	user_msa	SMAR006602-PA	SMAR006602-PA	292	292	0.0	0	extreme	0.214	False
empirical	user_msa	SMAR006602-PA	SMAR006602-PA	293	293	0.0	0	extreme	0.214	False
empirical	user_msa	SMAR006602-PA	SMAR006602-PA	294	294	0.0	0	extreme	0.214	False
empirical	user_msa	SMAR006602-PA	SMAR006602-PA	295	295	0.0	0	extreme	0.214	False
empirical	user_msa	SMAR006602-PA	SMAR006602-PA	296	296	0.0	0	extreme	0.214	False
empirical	user_msa	SMAR006602-PA	SMAR006602-PA	297	297	0.0	0	extreme	0.214	False
empirical	user_msa	SMAR006602-PA	SMAR006602-PA	298	298	0.0	0	extreme	0.214	False
empirical	user_msa	SMAR006602-PA	SMAR006602-PA	299	299	0.0	0	extreme	0.214	False
empirical	user_msa	SMAR006602-PA	SMAR006602-PA	300	300	0.0	0	extreme	0.214	False
empirical	user_msa	SMAR006602-PA	SMAR006602-PA	301	301	0.0	0	extreme	0.214	False
empirical	user_msa	SMAR006602-PA	SMAR006602-PA	302	302	0.0	0	extreme	0.214	False
empirical	user_msa	SMAR006602-PA	SMAR006602-PA	303	303	0.0	0	extreme	0.214	False
empirical	user_msa	SMAR006602-PA	SMAR006602-PA	304	304	0.0	0	extreme	0.214	False
empirical	user_msa	SMAR006602-PA	SMAR006602-PA	305	305	0.0	0	extreme	0.214	False
empirical	user_msa	SMAR006602-PA	SMAR006602-PA	306	306	0.0	0	extreme	0.214	False
empirical	user_msa	SMAR006602-PA	SMAR006602-PA	307	307	0.0	0	extreme	0.214	False
empirical	user_msa	SMAR006602-PA	SMAR006602-PA	308	308	0.0	0	extreme	0.214	False
empirical	user_msa	SMAR006602-PA	SMAR006602-PA	309	309	0.0	0	extreme	0.214	False
empirical	user_msa	SMAR006602-PA	SMAR006602-PA	310	310	0.0	0	extreme	0.214	False
empirical	user_msa	SMAR006602-PA	SMAR006602-PA	311	311	0.0	0	extreme	0.214	False
empirical	user_msa	SMAR006602-PA	SMAR006602-PA	312	312	0.0	0	extreme	0.214	False
empirical	user_msa	SMAR006602-PA	SMAR006602-PA	313	313	0.0	0	extreme	0.214	False
empirical	user_msa	SMAR006602-PA	SMAR006602-PA	314	314	0.0	0	extreme	0.214	False
empirical	user_msa	SMAR006602-PA	SMAR006602-PA	315	315	0.0	0	extreme	0.214	False
empirical	user_msa	SMAR006602-PA	SMAR006602-PA	316	316	0.0	0	extreme	0.214	False
empirical	user_msa	SMAR006602-PA	SMAR006602-PA	317	317	0.0	0	extreme	0.214	False
empirical	user_msa	SMAR006602-PA	SMAR006602-PA	318	318	0.0	0	extreme	0.214	False
empirical	user_msa	SMAR006602-PA	SMAR006602-PA	319	319	0.0	0	extreme	0.214	False
empirical	user_msa	SMAR006602-PA	SMAR006602-PA	320	320	0.0	0	extreme	0.214	False
empirical	user_msa	SMAR006602-PA	SMAR006602-PA	321	321	0.0	0	extreme	0.214	False
empirical	user_msa	SMAR006602-PA	SMAR006602-PA	322	322	0.0	0	extreme	0.214	False
empirical	user_msa	SMAR006602-PA	SMAR006602-PA	323	323	0.0	0	extreme	0.214	False
empirical	user_msa	SMAR006602-PA	SMAR006602-PA	324	324	0.0	0	extreme	0.214	False
empirical	user_msa	SMAR006602-PA	SMAR006602-PA	325	325	0.0	0	extreme	0.214	False
empirical	user_msa	SMAR006602-PA	SMAR006602-PA	326	326	0.0	0	extreme	0.214	False
empirical	user_msa	SMAR006602-PA	SMAR006602-PA	327	327	0.0	0	extreme	0.214	False
empirical	user_msa	SMAR006602-PA	SMAR006602-PA	328	328	0.0	0	extreme	0.214	False
empirical	user_msa	SMAR006602-PA	SMAR006602-PA	329	329	0.0	0	extreme	0.214	False
empirical	user_msa	SMAR006602-PA	SMAR006602-PA	330	330	0.0	0	extreme	0.214	False
empirical	user_msa	SMAR006602-PA	SMAR006602-PA	331	331	0.0	0	extreme	0.214	False
empirical	user_msa	SMAR006602-PA	SMAR006602-PA	332	332	0.0	0	extreme	0.214	False
empirical	user_msa	SMAR006602-PA	SMAR006602-PA	333	333	0.0	0	extreme	0.214	False
empirical	user_msa	SMAR006602-PA	SMAR006602-PA	334	334	0.0	0	extreme	0.214	False
empirical	user_msa	SMAR006602-PA	SMAR006602-PA	335	335	0.0	0	extreme	0.214	False
empirical	user_msa	SMAR006602-PA	SMAR006602-PA	336	336	0.0	0	extreme	0.214	False
empirical	user_msa	SMAR006602-PA	SMAR006602-PA	337	337	0.0	0	extreme	0.214	False
empirical	user_msa	SMAR006602-PA	SMAR006602-PA	338	338	0.0	0	extreme	0.214	False
empirical	user_msa	SMAR006602-PA	SMAR006602-PA	339	339	0.0	0	extreme	0.214	False
empirical	user_msa	SMAR006602-PA	SMAR006602-PA	340	340	0.0	0	extreme	0.214	False
empirical	user_msa	SMAR006602-PA	SMAR006602-PA	341	341	0.0	0	extreme	0.214	False
empirical	user_msa	SMAR006602-PA	SMAR006602-PA	342	342	0.0	0	extreme	0.214	False
empirical	user_msa	SMAR006602-PA	SMAR006602-PA	343	343	0.0	0	extreme	0.214	False
empirical	user_msa	SMAR006602-PA	SMAR006602-PA	344	344	0.0	0	extreme	0.214	False
empirical	user_msa	SMAR006602-PA	SMAR006602-PA	345	345	0.0	0	extreme	0.214	False
empirical	user_msa	SMAR006602-PA	SMAR006602-PA	346	346	0.0	0	extreme	0.214	False
