replicate	seed	status	max_gene_support	max_branch_support	called_branch_site_rows	max_site_score	q95_site_score	q99_site_score
1	20260530	scored	0.0	0.0	0	0.0	0.0	0.0
2	20260531	scored	0.0	0.0	0	0.0	0.0	0.0
3	20260532	scored	0.0	0.0	0	0.0	0.0	0.0
4	20260533	scored	0.0	0.0	0	0.0	0.0	0.0
5	20260534	scored	0.0	0.0	0	0.0	0.0	0.0
6	20260535	scored	0.0	0.0	0	0.0	0.0	0.0
7	20260536	scored	0.0	0.0	0	0.0	0.0	0.0
8	20260537	scored	0.0	0.0	0	0.0	0.0	0.0
9	20260538	scored	0.0	0.0	0	0.0	0.0	0.0
10	20260539	scored	0.0	0.0	0	0.0	0.0	0.0
11	20260540	scored	0.0	0.0	0	0.0	0.0	0.0
12	20260541	scored	0.0	0.0	0	0.0	0.0	0.0
13	20260542	scored	0.0	0.0	0	0.0	0.0	0.0
14	20260543	scored	0.0	0.0	0	0.0	0.0	0.0
15	20260544	scored	0.0	0.0	0	0.0	0.0	0.0
16	20260545	scored	0.0	0.0	0	0.0	0.0	0.0
17	20260546	scored	0.0	0.0	0	0.0	0.0	0.0
18	20260547	scored	0.0	0.0	0	0.0	0.0	0.0
19	20260548	scored	0.0	0.0	0	0.0	0.0	0.0
20	20260549	scored	0.0	0.0	0	0.0	0.0	0.0
21	20260550	scored	0.0	0.0	0	0.0	0.0	0.0
22	20260551	scored	0.0	0.0	0	0.0	0.0	0.0
23	20260552	scored	0.0	0.0	0	0.0	0.0	0.0
24	20260553	scored	0.0	0.0	0	0.0	0.0	0.0
25	20260554	scored	0.0	0.0	0	0.0	0.0	0.0
26	20260555	scored	0.0	0.0	0	0.0	0.0	0.0
27	20260556	scored	0.0	0.0	0	0.0	0.0	0.0
28	20260557	scored	0.0	0.0	0	0.0	0.0	0.0
29	20260558	scored	0.0	0.0	0	0.0	0.0	0.0
30	20260559	scored	0.0	0.0	0	0.0	0.0	0.0
31	20260560	scored	0.0	0.0	0	0.0	0.0	0.0
32	20260561	scored	0.0	0.0	0	0.0	0.0	0.0
33	20260562	scored	0.0	0.0	0	0.0	0.0	0.0
34	20260563	scored	0.0	0.0	0	0.0	0.0	0.0
35	20260564	scored	0.0	0.0	0	0.0	0.0	0.0
36	20260565	scored	0.0	0.0	0	0.0	0.0	0.0
37	20260566	scored	0.0	0.0	0	0.0	0.0	0.0
38	20260567	scored	0.0	0.0	0	0.0	0.0	0.0
39	20260568	scored	0.0	0.0	0	0.0	0.0	0.0
40	20260569	scored	0.0	0.0	0	0.0	0.0	0.0
41	20260570	scored	0.0	0.0	0	0.0	0.0	0.0
42	20260571	scored	0.0	0.0	0	0.0	0.0	0.0
43	20260572	scored	0.0	0.0	0	0.0	0.0	0.0
44	20260573	scored	0.0	0.0	0	0.0	0.0	0.0
45	20260574	scored	0.0	0.0	0	0.0	0.0	0.0
46	20260575	scored	0.0	0.0	0	0.0	0.0	0.0
47	20260576	scored	0.0	0.0	0	0.0	0.0	0.0
48	20260577	scored	0.0	0.0	0	0.0	0.0	0.0
49	20260578	scored	0.0	0.0	0	0.0	0.0	0.0
50	20260579	scored	0.0	0.0	0	0.0	0.0	0.0
51	20260580	scored	0.0	0.0	0	0.0	0.0	0.0
52	20260581	scored	0.0	0.0	0	0.0	0.0	0.0
53	20260582	scored	0.0	0.0	0	0.0	0.0	0.0
54	20260583	scored	0.0	0.0	0	0.0	0.0	0.0
55	20260584	scored	0.0	0.0	0	0.0	0.0	0.0
56	20260585	scored	0.0	0.0	0	0.0	0.0	0.0
57	20260586	scored	0.0	0.0	0	0.0	0.0	0.0
58	20260587	scored	0.0	0.0	0	0.0	0.0	0.0
59	20260588	scored	0.0	0.0	0	0.0	0.0	0.0
60	20260589	scored	0.0	0.0	0	0.0	0.0	0.0
61	20260590	scored	0.0	0.0	0	0.0	0.0	0.0
62	20260591	scored	0.0	0.0	0	0.0	0.0	0.0
63	20260592	scored	0.0	0.0	0	0.0	0.0	0.0
64	20260593	scored	0.0	0.0	0	0.0	0.0	0.0
65	20260594	scored	0.0	0.0	0	0.0	0.0	0.0
66	20260595	scored	0.0	0.0	0	0.0	0.0	0.0
67	20260596	scored	0.0	0.0	0	0.0	0.0	0.0
68	20260597	scored	0.0	0.0	0	0.0	0.0	0.0
69	20260598	scored	0.0	0.0	0	0.0	0.0	0.0
70	20260599	scored	0.0	0.0	0	0.0	0.0	0.0
71	20260600	scored	0.0	0.0	0	0.0	0.0	0.0
72	20260601	scored	0.0	0.0	0	0.0	0.0	0.0
73	20260602	scored	0.0	0.0	0	0.0	0.0	0.0
74	20260603	scored	0.0	0.0	0	0.0	0.0	0.0
75	20260604	scored	0.0	0.0	0	0.0	0.0	0.0
76	20260605	scored	0.0	0.0	0	0.0	0.0	0.0
77	20260606	scored	0.0	0.0	0	0.0	0.0	0.0
78	20260607	scored	0.0	0.0	0	0.0	0.0	0.0
79	20260608	scored	0.0	0.0	0	0.0	0.0	0.0
80	20260609	scored	0.0	0.0	0	0.0	0.0	0.0
81	20260610	scored	0.0	0.0	0	0.0	0.0	0.0
82	20260611	scored	0.0	0.0	0	0.0	0.0	0.0
83	20260612	scored	0.0	0.0	0	0.0	0.0	0.0
84	20260613	scored	0.0	0.0	0	0.0	0.0	0.0
85	20260614	scored	0.0	0.0	0	0.0	0.0	0.0
86	20260615	scored	0.0	0.0	0	0.0	0.0	0.0
87	20260616	scored	0.0	0.0	0	0.0	0.0	0.0
88	20260617	scored	0.0	0.0	0	0.0	0.0	0.0
89	20260618	scored	0.0	0.0	0	0.0	0.0	0.0
90	20260619	scored	0.0	0.0	0	0.0	0.0	0.0
91	20260620	scored	0.0	0.0	0	0.0	0.0	0.0
92	20260621	scored	0.0	0.0	0	0.0	0.0	0.0
93	20260622	scored	0.0	0.0	0	0.0	0.0	0.0
94	20260623	scored	0.0	0.0	0	0.0	0.0	0.0
95	20260624	scored	0.0	0.0	0	0.0	0.0	0.0
96	20260625	scored	0.0	0.0	0	0.0	0.0	0.0
97	20260626	scored	0.0	0.0	0	0.0	0.0	0.0
98	20260627	scored	0.0	0.0	0	0.0	0.0	0.0
99	20260628	scored	0.0	0.0	0	0.0	0.0	0.0
100	20260629	scored	0.0	0.0	0	0.0	0.0	0.0
101	20260630	scored	0.0	0.0	0	0.0	0.0	0.0
102	20260631	scored	0.0	0.0	0	0.0	0.0	0.0
103	20260632	scored	0.0	0.0	0	0.0	0.0	0.0
104	20260633	scored	0.0	0.0	0	0.0	0.0	0.0
105	20260634	scored	0.0	0.0	0	0.0	0.0	0.0
106	20260635	scored	0.0	0.0	0	0.0	0.0	0.0
107	20260636	scored	0.0	0.0	0	0.0	0.0	0.0
108	20260637	scored	0.0	0.0	0	0.0	0.0	0.0
109	20260638	scored	0.0	0.0	0	0.0	0.0	0.0
110	20260639	scored	0.0	0.0	0	0.0	0.0	0.0
111	20260640	scored	0.0	0.0	0	0.0	0.0	0.0
112	20260641	scored	0.0	0.0	0	0.0	0.0	0.0
113	20260642	scored	0.0	0.0	0	0.0	0.0	0.0
114	20260643	scored	0.0	0.0	0	0.0	0.0	0.0
115	20260644	scored	0.0	0.0	0	0.0	0.0	0.0
116	20260645	scored	0.0	0.0	0	0.0	0.0	0.0
117	20260646	scored	0.0	0.0	0	0.0	0.0	0.0
118	20260647	scored	0.0	0.0	0	0.0	0.0	0.0
119	20260648	scored	0.0	0.0	0	0.0	0.0	0.0
120	20260649	scored	0.0	0.0	0	0.0	0.0	0.0
121	20260650	scored	0.0	0.0	0	0.0	0.0	0.0
122	20260651	scored	0.0	0.0	0	0.0	0.0	0.0
123	20260652	scored	0.0	0.0	0	0.0	0.0	0.0
124	20260653	scored	0.0	0.0	0	0.0	0.0	0.0
125	20260654	scored	0.0	0.0	0	0.0	0.0	0.0
126	20260655	scored	0.0	0.0	0	0.0	0.0	0.0
127	20260656	scored	0.0	0.0	0	0.0	0.0	0.0
128	20260657	scored	0.0	0.0	0	0.0	0.0	0.0
129	20260658	scored	0.0	0.0	0	0.0	0.0	0.0
130	20260659	scored	0.0	0.0	0	0.0	0.0	0.0
131	20260660	scored	0.0	0.0	0	0.0	0.0	0.0
132	20260661	scored	0.0	0.0	0	0.0	0.0	0.0
133	20260662	scored	0.0	0.0	0	0.0	0.0	0.0
134	20260663	scored	0.0	0.0	0	0.0	0.0	0.0
135	20260664	scored	0.0	0.0	0	0.0	0.0	0.0
136	20260665	scored	0.0	0.0	0	0.0	0.0	0.0
137	20260666	scored	0.0	0.0	0	0.0	0.0	0.0
138	20260667	scored	0.0	0.0	0	0.0	0.0	0.0
139	20260668	scored	0.0	0.0	0	0.0	0.0	0.0
140	20260669	scored	0.0	0.0	0	0.0	0.0	0.0
141	20260670	scored	0.0	0.0	0	0.0	0.0	0.0
142	20260671	scored	0.0	0.0	0	0.0	0.0	0.0
143	20260672	scored	0.0	0.0	0	0.0	0.0	0.0
144	20260673	scored	0.0	0.0	0	0.0	0.0	0.0
145	20260674	scored	0.0	0.0	0	0.0	0.0	0.0
146	20260675	scored	0.0	0.0	0	0.0	0.0	0.0
147	20260676	scored	0.0	0.0	0	0.0	0.0	0.0
148	20260677	scored	0.0	0.0	0	0.0	0.0	0.0
149	20260678	scored	0.0	0.0	0	0.0	0.0	0.0
150	20260679	scored	0.0	0.0	0	0.0	0.0	0.0
151	20260680	scored	0.0	0.0	0	0.0	0.0	0.0
152	20260681	scored	0.0	0.0	0	0.0	0.0	0.0
153	20260682	scored	0.0	0.0	0	0.0	0.0	0.0
154	20260683	scored	0.0	0.0	0	0.0	0.0	0.0
155	20260684	scored	0.0	0.0	0	0.0	0.0	0.0
156	20260685	scored	0.0	0.0	0	0.0	0.0	0.0
157	20260686	scored	0.0	0.0	0	0.0	0.0	0.0
158	20260687	scored	0.0	0.0	0	0.0	0.0	0.0
159	20260688	scored	0.0	0.0	0	0.0	0.0	0.0
160	20260689	scored	0.0	0.0	0	0.0	0.0	0.0
161	20260690	scored	0.0	0.0	0	0.0	0.0	0.0
162	20260691	scored	0.0	0.0	0	0.0	0.0	0.0
163	20260692	scored	0.0	0.0	0	0.0	0.0	0.0
164	20260693	scored	0.0	0.0	0	0.0	0.0	0.0
165	20260694	scored	0.0	0.0	0	0.0	0.0	0.0
166	20260695	scored	0.0	0.0	0	0.0	0.0	0.0
167	20260696	scored	0.0	0.0	0	0.0	0.0	0.0
168	20260697	scored	0.0	0.0	0	0.0	0.0	0.0
169	20260698	scored	0.0	0.0	0	0.0	0.0	0.0
170	20260699	scored	0.0	0.0	0	0.0	0.0	0.0
171	20260700	scored	0.0	0.0	0	0.0	0.0	0.0
172	20260701	scored	0.0	0.0	0	0.0	0.0	0.0
173	20260702	scored	0.0	0.0	0	0.0	0.0	0.0
174	20260703	scored	0.0	0.0	0	0.0	0.0	0.0
175	20260704	scored	0.0	0.0	0	0.0	0.0	0.0
176	20260705	scored	0.0	0.0	0	0.0	0.0	0.0
177	20260706	scored	0.0	0.0	0	0.0	0.0	0.0
178	20260707	scored	0.0	0.0	0	0.0	0.0	0.0
179	20260708	scored	0.0	0.0	0	0.0	0.0	0.0
180	20260709	scored	0.0	0.0	0	0.0	0.0	0.0
181	20260710	scored	0.0	0.0	0	0.0	0.0	0.0
182	20260711	scored	0.0	0.0	0	0.0	0.0	0.0
183	20260712	scored	0.0	0.0	0	0.0	0.0	0.0
184	20260713	scored	0.0	0.0	0	0.0	0.0	0.0
185	20260714	scored	0.0	0.0	0	0.0	0.0	0.0
186	20260715	scored	0.0	0.0	0	0.0	0.0	0.0
187	20260716	scored	0.0	0.0	0	0.0	0.0	0.0
188	20260717	scored	0.0	0.0	0	0.0	0.0	0.0
189	20260718	scored	0.0	0.0	0	0.0	0.0	0.0
190	20260719	scored	0.0	0.0	0	0.0	0.0	0.0
191	20260720	scored	0.0	0.0	0	0.0	0.0	0.0
192	20260721	scored	0.0	0.0	0	0.0	0.0	0.0
193	20260722	scored	0.0	0.0	0	0.0	0.0	0.0
194	20260723	scored	0.0	0.0	0	0.0	0.0	0.0
195	20260724	scored	0.0	0.0	0	0.0	0.0	0.0
196	20260725	scored	0.0	0.0	0	0.0	0.0	0.0
197	20260726	scored	0.0	0.0	0	0.0	0.0	0.0
198	20260727	scored	0.0	0.0	0	0.0	0.0	0.0
199	20260728	scored	0.0	0.0	0	0.0	0.0	0.0
200	20260729	scored	0.0	0.0	0	0.0	0.0	0.0
201	20260730	scored	0.0	0.0	0	0.0	0.0	0.0
202	20260731	scored	0.0	0.0	0	0.0	0.0	0.0
203	20260732	scored	0.0	0.0	0	0.0	0.0	0.0
204	20260733	scored	0.0	0.0	0	0.0	0.0	0.0
205	20260734	scored	0.0	0.0	0	0.0	0.0	0.0
206	20260735	scored	0.0	0.0	0	0.0	0.0	0.0
207	20260736	scored	0.0	0.0	0	0.0	0.0	0.0
208	20260737	scored	0.0	0.0	0	0.0	0.0	0.0
209	20260738	scored	0.0	0.0	0	0.0	0.0	0.0
210	20260739	scored	0.0	0.0	0	0.0	0.0	0.0
211	20260740	scored	0.0	0.0	0	0.0	0.0	0.0
212	20260741	scored	0.0	0.0	0	0.0	0.0	0.0
213	20260742	scored	0.0	0.0	0	0.0	0.0	0.0
214	20260743	scored	0.0	0.0	0	0.0	0.0	0.0
215	20260744	scored	0.0	0.0	0	0.0	0.0	0.0
216	20260745	scored	0.0	0.0	0	0.0	0.0	0.0
217	20260746	scored	0.0	0.0	0	0.0	0.0	0.0
218	20260747	scored	0.0	0.0	0	0.0	0.0	0.0
219	20260748	scored	0.0	0.0	0	0.0	0.0	0.0
220	20260749	scored	0.0	0.0	0	0.0	0.0	0.0
221	20260750	scored	0.0	0.0	0	0.0	0.0	0.0
222	20260751	scored	0.0	0.0	0	0.0	0.0	0.0
223	20260752	scored	0.0	0.0	0	0.0	0.0	0.0
224	20260753	scored	0.0	0.0	0	0.0	0.0	0.0
225	20260754	scored	0.0	0.0	0	0.0	0.0	0.0
226	20260755	scored	0.0	0.0	0	0.0	0.0	0.0
227	20260756	scored	0.0	0.0	0	0.0	0.0	0.0
228	20260757	scored	0.0	0.0	0	0.0	0.0	0.0
229	20260758	scored	0.0	0.0	0	0.0	0.0	0.0
230	20260759	scored	0.0	0.0	0	0.0	0.0	0.0
231	20260760	scored	0.0	0.0	0	0.0	0.0	0.0
232	20260761	scored	0.0	0.0	0	0.0	0.0	0.0
233	20260762	scored	0.0	0.0	0	0.0	0.0	0.0
234	20260763	scored	0.0	0.0	0	0.0	0.0	0.0
235	20260764	scored	0.0	0.0	0	0.0	0.0	0.0
236	20260765	scored	0.0	0.0	0	0.0	0.0	0.0
237	20260766	scored	0.0	0.0	0	0.0	0.0	0.0
238	20260767	scored	0.0	0.0	0	0.0	0.0	0.0
239	20260768	scored	0.0	0.0	0	0.0	0.0	0.0
240	20260769	scored	0.0	0.0	0	0.0	0.0	0.0
241	20260770	scored	0.0	0.0	0	0.0	0.0	0.0
242	20260771	scored	0.0	0.0	0	0.0	0.0	0.0
243	20260772	scored	0.0	0.0	0	0.0	0.0	0.0
244	20260773	scored	0.0	0.0	0	0.0	0.0	0.0
245	20260774	scored	0.0	0.0	0	0.0	0.0	0.0
246	20260775	scored	0.0	0.0	0	0.0	0.0	0.0
247	20260776	scored	0.0	0.0	0	0.0	0.0	0.0
248	20260777	scored	0.0	0.0	0	0.0	0.0	0.0
249	20260778	scored	0.0	0.0	0	0.0	0.0	0.0
250	20260779	scored	0.0	0.0	0	0.0	0.0	0.0
251	20260780	scored	0.0	0.0	0	0.0	0.0	0.0
252	20260781	scored	0.0	0.0	0	0.0	0.0	0.0
253	20260782	scored	0.0	0.0	0	0.0	0.0	0.0
254	20260783	scored	0.0	0.0	0	0.0	0.0	0.0
255	20260784	scored	0.0	0.0	0	0.0	0.0	0.0
256	20260785	scored	0.0	0.0	0	0.0	0.0	0.0
257	20260786	scored	0.0	0.0	0	0.0	0.0	0.0
258	20260787	scored	0.0	0.0	0	0.0	0.0	0.0
259	20260788	scored	0.0	0.0	0	0.0	0.0	0.0
260	20260789	scored	0.0	0.0	0	0.0	0.0	0.0
261	20260790	scored	0.0	0.0	0	0.0	0.0	0.0
262	20260791	scored	0.0	0.0	0	0.0	0.0	0.0
263	20260792	scored	0.0	0.0	0	0.0	0.0	0.0
264	20260793	scored	0.0	0.0	0	0.0	0.0	0.0
265	20260794	scored	0.0	0.0	0	0.0	0.0	0.0
266	20260795	scored	0.0	0.0	0	0.0	0.0	0.0
267	20260796	scored	0.0	0.0	0	0.0	0.0	0.0
268	20260797	scored	0.0	0.0	0	0.0	0.0	0.0
269	20260798	scored	0.0	0.0	0	0.0	0.0	0.0
270	20260799	scored	0.0	0.0	0	0.0	0.0	0.0
271	20260800	scored	0.0	0.0	0	0.0	0.0	0.0
272	20260801	scored	0.0	0.0	0	0.0	0.0	0.0
273	20260802	scored	0.0	0.0	0	0.0	0.0	0.0
274	20260803	scored	0.0	0.0	0	0.0	0.0	0.0
275	20260804	scored	0.0	0.0	0	0.0	0.0	0.0
276	20260805	scored	0.0	0.0	0	0.0	0.0	0.0
277	20260806	scored	0.0	0.0	0	0.0	0.0	0.0
278	20260807	scored	0.0	0.0	0	0.0	0.0	0.0
279	20260808	scored	0.0	0.0	0	0.0	0.0	0.0
280	20260809	scored	0.0	0.0	0	0.0	0.0	0.0
281	20260810	scored	0.0	0.0	0	0.0	0.0	0.0
282	20260811	scored	0.0	0.0	0	0.0	0.0	0.0
283	20260812	scored	0.0	0.0	0	0.0	0.0	0.0
284	20260813	scored	0.0	0.0	0	0.0	0.0	0.0
285	20260814	scored	0.0	0.0	0	0.0	0.0	0.0
286	20260815	scored	0.0	0.0	0	0.0	0.0	0.0
287	20260816	scored	0.0	0.0	0	0.0	0.0	0.0
288	20260817	scored	0.0	0.0	0	0.0	0.0	0.0
289	20260818	scored	0.0	0.0	0	0.0	0.0	0.0
290	20260819	scored	0.0	0.0	0	0.0	0.0	0.0
291	20260820	scored	0.0	0.0	0	0.0	0.0	0.0
292	20260821	scored	0.0	0.0	0	0.0	0.0	0.0
293	20260822	scored	0.0	0.0	0	0.0	0.0	0.0
294	20260823	scored	0.0	0.0	0	0.0	0.0	0.0
295	20260824	scored	0.0	0.0	0	0.0	0.0	0.0
296	20260825	scored	0.0	0.0	0	0.0	0.0	0.0
297	20260826	scored	0.0	0.0	0	0.0	0.0	0.0
298	20260827	scored	0.0	0.0	0	0.0	0.0	0.0
299	20260828	scored	0.0	0.0	0	0.0	0.0	0.0
300	20260829	scored	0.0	0.0	0	0.0	0.0	0.0
301	20260830	scored	0.0	0.0	0	0.0	0.0	0.0
302	20260831	scored	0.0	0.0	0	0.0	0.0	0.0
303	20260832	scored	0.0	0.0	0	0.0	0.0	0.0
304	20260833	scored	0.0	0.0	0	0.0	0.0	0.0
305	20260834	scored	0.0	0.0	0	0.0	0.0	0.0
306	20260835	scored	0.0	0.0	0	0.0	0.0	0.0
307	20260836	scored	0.0	0.0	0	0.0	0.0	0.0
308	20260837	scored	0.0	0.0	0	0.0	0.0	0.0
309	20260838	scored	0.0	0.0	0	0.0	0.0	0.0
310	20260839	scored	0.0	0.0	0	0.0	0.0	0.0
311	20260840	scored	0.0	0.0	0	0.0	0.0	0.0
312	20260841	scored	0.0	0.0	0	0.0	0.0	0.0
313	20260842	scored	0.0	0.0	0	0.0	0.0	0.0
314	20260843	scored	0.0	0.0	0	0.0	0.0	0.0
315	20260844	scored	0.0	0.0	0	0.0	0.0	0.0
316	20260845	scored	0.0	0.0	0	0.0	0.0	0.0
317	20260846	scored	0.0	0.0	0	0.0	0.0	0.0
318	20260847	scored	0.0	0.0	0	0.0	0.0	0.0
319	20260848	scored	0.0	0.0	0	0.0	0.0	0.0
320	20260849	scored	0.0	0.0	0	0.0	0.0	0.0
321	20260850	scored	0.0	0.0	0	0.0	0.0	0.0
322	20260851	scored	0.0	0.0	0	0.0	0.0	0.0
323	20260852	scored	0.0	0.0	0	0.0	0.0	0.0
324	20260853	scored	0.0	0.0	0	0.0	0.0	0.0
325	20260854	scored	0.0	0.0	0	0.0	0.0	0.0
326	20260855	scored	0.0	0.0	0	0.0	0.0	0.0
327	20260856	scored	0.0	0.0	0	0.0	0.0	0.0
328	20260857	scored	0.0	0.0	0	0.0	0.0	0.0
329	20260858	scored	0.0	0.0	0	0.0	0.0	0.0
330	20260859	scored	0.0	0.0	0	0.0	0.0	0.0
331	20260860	scored	0.0	0.0	0	0.0	0.0	0.0
332	20260861	scored	0.0	0.0	0	0.0	0.0	0.0
333	20260862	scored	0.0	0.0	0	0.0	0.0	0.0
334	20260863	scored	0.0	0.0	0	0.0	0.0	0.0
335	20260864	scored	0.0	0.0	0	0.0	0.0	0.0
336	20260865	scored	0.0	0.0	0	0.0	0.0	0.0
337	20260866	scored	0.0	0.0	0	0.0	0.0	0.0
338	20260867	scored	0.0	0.0	0	0.0	0.0	0.0
339	20260868	scored	0.0	0.0	0	0.0	0.0	0.0
340	20260869	scored	0.0	0.0	0	0.0	0.0	0.0
341	20260870	scored	0.0	0.0	0	0.0	0.0	0.0
342	20260871	scored	0.0	0.0	0	0.0	0.0	0.0
343	20260872	scored	0.0	0.0	0	0.0	0.0	0.0
344	20260873	scored	0.0	0.0	0	0.0	0.0	0.0
345	20260874	scored	0.0	0.0	0	0.0	0.0	0.0
346	20260875	scored	0.0	0.0	0	0.0	0.0	0.0
347	20260876	scored	0.0	0.0	0	0.0	0.0	0.0
348	20260877	scored	0.0	0.0	0	0.0	0.0	0.0
349	20260878	scored	0.0	0.0	0	0.0	0.0	0.0
350	20260879	scored	0.0	0.0	0	0.0	0.0	0.0
351	20260880	scored	0.0	0.0	0	0.0	0.0	0.0
352	20260881	scored	0.0	0.0	0	0.0	0.0	0.0
353	20260882	scored	0.0	0.0	0	0.0	0.0	0.0
354	20260883	scored	0.0	0.0	0	0.0	0.0	0.0
355	20260884	scored	0.0	0.0	0	0.0	0.0	0.0
356	20260885	scored	0.0	0.0	0	0.0	0.0	0.0
357	20260886	scored	0.0	0.0	0	0.0	0.0	0.0
358	20260887	scored	0.0	0.0	0	0.0	0.0	0.0
359	20260888	scored	0.0	0.0	0	0.0	0.0	0.0
360	20260889	scored	0.0	0.0	0	0.0	0.0	0.0
361	20260890	scored	0.0	0.0	0	0.0	0.0	0.0
362	20260891	scored	0.0	0.0	0	0.0	0.0	0.0
363	20260892	scored	0.0	0.0	0	0.0	0.0	0.0
364	20260893	scored	0.0	0.0	0	0.0	0.0	0.0
365	20260894	scored	0.0	0.0	0	0.0	0.0	0.0
366	20260895	scored	0.0	0.0	0	0.0	0.0	0.0
367	20260896	scored	0.0	0.0	0	0.0	0.0	0.0
368	20260897	scored	0.0	0.0	0	0.0	0.0	0.0
369	20260898	scored	0.0	0.0	0	0.0	0.0	0.0
370	20260899	scored	0.0	0.0	0	0.0	0.0	0.0
371	20260900	scored	0.0	0.0	0	0.0	0.0	0.0
372	20260901	scored	0.0	0.0	0	0.0	0.0	0.0
373	20260902	scored	0.0	0.0	0	0.0	0.0	0.0
374	20260903	scored	0.0	0.0	0	0.0	0.0	0.0
375	20260904	scored	0.0	0.0	0	0.0	0.0	0.0
376	20260905	scored	0.0	0.0	0	0.0	0.0	0.0
377	20260906	scored	0.0	0.0	0	0.0	0.0	0.0
378	20260907	scored	0.0	0.0	0	0.0	0.0	0.0
379	20260908	scored	0.0	0.0	0	0.0	0.0	0.0
380	20260909	scored	0.0	0.0	0	0.0	0.0	0.0
381	20260910	scored	0.0	0.0	0	0.0	0.0	0.0
382	20260911	scored	0.0	0.0	0	0.0	0.0	0.0
383	20260912	scored	0.0	0.0	0	0.0	0.0	0.0
384	20260913	scored	0.0	0.0	0	0.0	0.0	0.0
385	20260914	scored	0.0	0.0	0	0.0	0.0	0.0
386	20260915	scored	0.0	0.0	0	0.0	0.0	0.0
387	20260916	scored	0.0	0.0	0	0.0	0.0	0.0
388	20260917	scored	0.0	0.0	0	0.0	0.0	0.0
389	20260918	scored	0.0	0.0	0	0.0	0.0	0.0
390	20260919	scored	0.0	0.0	0	0.0	0.0	0.0
391	20260920	scored	0.0	0.0	0	0.0	0.0	0.0
392	20260921	scored	0.0	0.0	0	0.0	0.0	0.0
393	20260922	scored	0.0	0.0	0	0.0	0.0	0.0
394	20260923	scored	0.0	0.0	0	0.0	0.0	0.0
395	20260924	scored	0.0	0.0	0	0.0	0.0	0.0
396	20260925	scored	0.0	0.0	0	0.0	0.0	0.0
397	20260926	scored	0.0	0.0	0	0.0	0.0	0.0
398	20260927	scored	0.0	0.0	0	0.0	0.0	0.0
399	20260928	scored	0.0	0.0	0	0.0	0.0	0.0
400	20260929	scored	0.0	0.0	0	0.0	0.0	0.0
401	20260930	scored	0.0	0.0	0	0.0	0.0	0.0
402	20260931	scored	0.0	0.0	0	0.0	0.0	0.0
403	20260932	scored	0.0	0.0	0	0.0	0.0	0.0
404	20260933	scored	0.0	0.0	0	0.0	0.0	0.0
405	20260934	scored	0.0	0.0	0	0.0	0.0	0.0
406	20260935	scored	0.0	0.0	0	0.0	0.0	0.0
407	20260936	scored	0.0	0.0	0	0.0	0.0	0.0
408	20260937	scored	0.0	0.0	0	0.0	0.0	0.0
409	20260938	scored	0.0	0.0	0	0.0	0.0	0.0
410	20260939	scored	0.0	0.0	0	0.0	0.0	0.0
411	20260940	scored	0.0	0.0	0	0.0	0.0	0.0
412	20260941	scored	0.0	0.0	0	0.0	0.0	0.0
413	20260942	scored	0.0	0.0	0	0.0	0.0	0.0
414	20260943	scored	0.0	0.0	0	0.0	0.0	0.0
415	20260944	scored	0.0	0.0	0	0.0	0.0	0.0
416	20260945	scored	0.0	0.0	0	0.0	0.0	0.0
417	20260946	scored	0.0	0.0	0	0.0	0.0	0.0
418	20260947	scored	0.0	0.0	0	0.0	0.0	0.0
419	20260948	scored	0.0	0.0	0	0.0	0.0	0.0
420	20260949	scored	0.0	0.0	0	0.0	0.0	0.0
421	20260950	scored	0.0	0.0	0	0.0	0.0	0.0
422	20260951	scored	0.0	0.0	0	0.0	0.0	0.0
423	20260952	scored	0.0	0.0	0	0.0	0.0	0.0
424	20260953	scored	0.0	0.0	0	0.0	0.0	0.0
425	20260954	scored	0.0	0.0	0	0.0	0.0	0.0
426	20260955	scored	0.0	0.0	0	0.0	0.0	0.0
427	20260956	scored	0.0	0.0	0	0.0	0.0	0.0
428	20260957	scored	0.0	0.0	0	0.0	0.0	0.0
429	20260958	scored	0.0	0.0	0	0.0	0.0	0.0
430	20260959	scored	0.0	0.0	0	0.0	0.0	0.0
431	20260960	scored	0.0	0.0	0	0.0	0.0	0.0
432	20260961	scored	0.0	0.0	0	0.0	0.0	0.0
433	20260962	scored	0.0	0.0	0	0.0	0.0	0.0
434	20260963	scored	0.0	0.0	0	0.0	0.0	0.0
435	20260964	scored	0.0	0.0	0	0.0	0.0	0.0
436	20260965	scored	0.0	0.0	0	0.0	0.0	0.0
437	20260966	scored	0.0	0.0	0	0.0	0.0	0.0
438	20260967	scored	0.0	0.0	0	0.0	0.0	0.0
439	20260968	scored	0.0	0.0	0	0.0	0.0	0.0
440	20260969	scored	0.0	0.0	0	0.0	0.0	0.0
441	20260970	scored	0.0	0.0	0	0.0	0.0	0.0
442	20260971	scored	0.0	0.0	0	0.0	0.0	0.0
443	20260972	scored	0.0	0.0	0	0.0	0.0	0.0
444	20260973	scored	0.0	0.0	0	0.0	0.0	0.0
445	20260974	scored	0.0	0.0	0	0.0	0.0	0.0
446	20260975	scored	0.0	0.0	0	0.0	0.0	0.0
447	20260976	scored	0.0	0.0	0	0.0	0.0	0.0
448	20260977	scored	0.0	0.0	0	0.0	0.0	0.0
449	20260978	scored	0.0	0.0	0	0.0	0.0	0.0
450	20260979	scored	0.0	0.0	0	0.0	0.0	0.0
451	20260980	scored	0.0	0.0	0	0.0	0.0	0.0
452	20260981	scored	0.0	0.0	0	0.0	0.0	0.0
453	20260982	scored	0.0	0.0	0	0.0	0.0	0.0
454	20260983	scored	0.0	0.0	0	0.0	0.0	0.0
455	20260984	scored	0.0	0.0	0	0.0	0.0	0.0
456	20260985	scored	0.0	0.0	0	0.0	0.0	0.0
457	20260986	scored	0.0	0.0	0	0.0	0.0	0.0
458	20260987	scored	0.0	0.0	0	0.0	0.0	0.0
459	20260988	scored	0.0	0.0	0	0.0	0.0	0.0
460	20260989	scored	0.0	0.0	0	0.0	0.0	0.0
461	20260990	scored	0.0	0.0	0	0.0	0.0	0.0
462	20260991	scored	0.0	0.0	0	0.0	0.0	0.0
463	20260992	scored	0.0	0.0	0	0.0	0.0	0.0
464	20260993	scored	0.0	0.0	0	0.0	0.0	0.0
465	20260994	scored	0.0	0.0	0	0.0	0.0	0.0
466	20260995	scored	0.0	0.0	0	0.0	0.0	0.0
467	20260996	scored	0.0	0.0	0	0.0	0.0	0.0
468	20260997	scored	0.0	0.0	0	0.0	0.0	0.0
469	20260998	scored	0.0	0.0	0	0.0	0.0	0.0
470	20260999	scored	0.0	0.0	0	0.0	0.0	0.0
471	20261000	scored	0.0	0.0	0	0.0	0.0	0.0
472	20261001	scored	0.0	0.0	0	0.0	0.0	0.0
473	20261002	scored	0.0	0.0	0	0.0	0.0	0.0
474	20261003	scored	0.0	0.0	0	0.0	0.0	0.0
475	20261004	scored	0.0	0.0	0	0.0	0.0	0.0
476	20261005	scored	0.0	0.0	0	0.0	0.0	0.0
477	20261006	scored	0.0	0.0	0	0.0	0.0	0.0
478	20261007	scored	0.0	0.0	0	0.0	0.0	0.0
479	20261008	scored	0.0	0.0	0	0.0	0.0	0.0
480	20261009	scored	0.0	0.0	0	0.0	0.0	0.0
481	20261010	scored	0.0	0.0	0	0.0	0.0	0.0
482	20261011	scored	0.0	0.0	0	0.0	0.0	0.0
483	20261012	scored	0.0	0.0	0	0.0	0.0	0.0
484	20261013	scored	0.0	0.0	0	0.0	0.0	0.0
485	20261014	scored	0.0	0.0	0	0.0	0.0	0.0
486	20261015	scored	0.0	0.0	0	0.0	0.0	0.0
487	20261016	scored	0.0	0.0	0	0.0	0.0	0.0
488	20261017	scored	0.0	0.0	0	0.0	0.0	0.0
489	20261018	scored	0.0	0.0	0	0.0	0.0	0.0
490	20261019	scored	0.0	0.0	0	0.0	0.0	0.0
491	20261020	scored	0.0	0.0	0	0.0	0.0	0.0
492	20261021	scored	0.0	0.0	0	0.0	0.0	0.0
493	20261022	scored	0.0	0.0	0	0.0	0.0	0.0
494	20261023	scored	0.0	0.0	0	0.0	0.0	0.0
495	20261024	scored	0.0	0.0	0	0.0	0.0	0.0
496	20261025	scored	0.0	0.0	0	0.0	0.0	0.0
497	20261026	scored	0.0	0.0	0	0.0	0.0	0.0
498	20261027	scored	0.0	0.0	0	0.0	0.0	0.0
499	20261028	scored	0.0	0.0	0	0.0	0.0	0.0
500	20261029	scored	0.0	0.0	0	0.0	0.0	0.0
501	20261030	scored	0.0	0.0	0	0.0	0.0	0.0
502	20261031	scored	0.0	0.0	0	0.0	0.0	0.0
503	20261032	scored	0.0	0.0	0	0.0	0.0	0.0
504	20261033	scored	0.0	0.0	0	0.0	0.0	0.0
505	20261034	scored	0.0	0.0	0	0.0	0.0	0.0
506	20261035	scored	0.0	0.0	0	0.0	0.0	0.0
507	20261036	scored	0.0	0.0	0	0.0	0.0	0.0
508	20261037	scored	0.0	0.0	0	0.0	0.0	0.0
509	20261038	scored	0.0	0.0	0	0.0	0.0	0.0
510	20261039	scored	0.0	0.0	0	0.0	0.0	0.0
511	20261040	scored	0.0	0.0	0	0.0	0.0	0.0
512	20261041	scored	0.0	0.0	0	0.0	0.0	0.0
513	20261042	scored	0.0	0.0	0	0.0	0.0	0.0
514	20261043	scored	0.0	0.0	0	0.0	0.0	0.0
515	20261044	scored	0.0	0.0	0	0.0	0.0	0.0
516	20261045	scored	0.0	0.0	0	0.0	0.0	0.0
517	20261046	scored	0.0	0.0	0	0.0	0.0	0.0
518	20261047	scored	0.0	0.0	0	0.0	0.0	0.0
519	20261048	scored	0.0	0.0	0	0.0	0.0	0.0
520	20261049	scored	0.0	0.0	0	0.0	0.0	0.0
521	20261050	scored	0.0	0.0	0	0.0	0.0	0.0
522	20261051	scored	0.0	0.0	0	0.0	0.0	0.0
523	20261052	scored	0.0	0.0	0	0.0	0.0	0.0
524	20261053	scored	0.0	0.0	0	0.0	0.0	0.0
525	20261054	scored	0.0	0.0	0	0.0	0.0	0.0
526	20261055	scored	0.0	0.0	0	0.0	0.0	0.0
527	20261056	scored	0.0	0.0	0	0.0	0.0	0.0
528	20261057	scored	0.0	0.0	0	0.0	0.0	0.0
529	20261058	scored	0.0	0.0	0	0.0	0.0	0.0
530	20261059	scored	0.0	0.0	0	0.0	0.0	0.0
531	20261060	scored	0.0	0.0	0	0.0	0.0	0.0
532	20261061	scored	0.0	0.0	0	0.0	0.0	0.0
533	20261062	scored	0.0	0.0	0	0.0	0.0	0.0
534	20261063	scored	0.0	0.0	0	0.0	0.0	0.0
535	20261064	scored	0.0	0.0	0	0.0	0.0	0.0
536	20261065	scored	0.0	0.0	0	0.0	0.0	0.0
537	20261066	scored	0.0	0.0	0	0.0	0.0	0.0
538	20261067	scored	0.0	0.0	0	0.0	0.0	0.0
539	20261068	scored	0.0	0.0	0	0.0	0.0	0.0
540	20261069	scored	0.0	0.0	0	0.0	0.0	0.0
541	20261070	scored	0.0	0.0	0	0.0	0.0	0.0
542	20261071	scored	0.0	0.0	0	0.0	0.0	0.0
543	20261072	scored	0.0	0.0	0	0.0	0.0	0.0
544	20261073	scored	0.0	0.0	0	0.0	0.0	0.0
545	20261074	scored	0.0	0.0	0	0.0	0.0	0.0
546	20261075	scored	0.0	0.0	0	0.0	0.0	0.0
547	20261076	scored	0.0	0.0	0	0.0	0.0	0.0
548	20261077	scored	0.0	0.0	0	0.0	0.0	0.0
549	20261078	scored	0.0	0.0	0	0.0	0.0	0.0
550	20261079	scored	0.0	0.0	0	0.0	0.0	0.0
551	20261080	scored	0.0	0.0	0	0.0	0.0	0.0
552	20261081	scored	0.0	0.0	0	0.0	0.0	0.0
553	20261082	scored	0.0	0.0	0	0.0	0.0	0.0
554	20261083	scored	0.0	0.0	0	0.0	0.0	0.0
555	20261084	scored	0.0	0.0	0	0.0	0.0	0.0
556	20261085	scored	0.0	0.0	0	0.0	0.0	0.0
557	20261086	scored	0.0	0.0	0	0.0	0.0	0.0
558	20261087	scored	0.0	0.0	0	0.0	0.0	0.0
559	20261088	scored	0.0	0.0	0	0.0	0.0	0.0
560	20261089	scored	0.0	0.0	0	0.0	0.0	0.0
561	20261090	scored	0.0	0.0	0	0.0	0.0	0.0
562	20261091	scored	0.0	0.0	0	0.0	0.0	0.0
563	20261092	scored	0.0	0.0	0	0.0	0.0	0.0
564	20261093	scored	0.0	0.0	0	0.0	0.0	0.0
565	20261094	scored	0.0	0.0	0	0.0	0.0	0.0
566	20261095	scored	0.0	0.0	0	0.0	0.0	0.0
567	20261096	scored	0.0	0.0	0	0.0	0.0	0.0
568	20261097	scored	0.0	0.0	0	0.0	0.0	0.0
569	20261098	scored	0.0	0.0	0	0.0	0.0	0.0
570	20261099	scored	0.0	0.0	0	0.0	0.0	0.0
571	20261100	scored	0.0	0.0	0	0.0	0.0	0.0
572	20261101	scored	0.0	0.0	0	0.0	0.0	0.0
573	20261102	scored	0.0	0.0	0	0.0	0.0	0.0
574	20261103	scored	0.0	0.0	0	0.0	0.0	0.0
575	20261104	scored	0.0	0.0	0	0.0	0.0	0.0
576	20261105	scored	0.0	0.0	0	0.0	0.0	0.0
577	20261106	scored	0.0	0.0	0	0.0	0.0	0.0
578	20261107	scored	0.0	0.0	0	0.0	0.0	0.0
579	20261108	scored	0.0	0.0	0	0.0	0.0	0.0
580	20261109	scored	0.0	0.0	0	0.0	0.0	0.0
581	20261110	scored	0.0	0.0	0	0.0	0.0	0.0
582	20261111	scored	0.0	0.0	0	0.0	0.0	0.0
583	20261112	scored	0.0	0.0	0	0.0	0.0	0.0
584	20261113	scored	0.0	0.0	0	0.0	0.0	0.0
585	20261114	scored	0.0	0.0	0	0.0	0.0	0.0
586	20261115	scored	0.0	0.0	0	0.0	0.0	0.0
587	20261116	scored	0.0	0.0	0	0.0	0.0	0.0
588	20261117	scored	0.0	0.0	0	0.0	0.0	0.0
589	20261118	scored	0.0	0.0	0	0.0	0.0	0.0
590	20261119	scored	0.0	0.0	0	0.0	0.0	0.0
591	20261120	scored	0.0	0.0	0	0.0	0.0	0.0
592	20261121	scored	0.0	0.0	0	0.0	0.0	0.0
593	20261122	scored	0.0	0.0	0	0.0	0.0	0.0
594	20261123	scored	0.0	0.0	0	0.0	0.0	0.0
595	20261124	scored	0.0	0.0	0	0.0	0.0	0.0
596	20261125	scored	0.0	0.0	0	0.0	0.0	0.0
597	20261126	scored	0.0	0.0	0	0.0	0.0	0.0
598	20261127	scored	0.0	0.0	0	0.0	0.0	0.0
599	20261128	scored	0.0	0.0	0	0.0	0.0	0.0
600	20261129	scored	0.0	0.0	0	0.0	0.0	0.0
601	20261130	scored	0.0	0.0	0	0.0	0.0	0.0
602	20261131	scored	0.0	0.0	0	0.0	0.0	0.0
603	20261132	scored	0.0	0.0	0	0.0	0.0	0.0
604	20261133	scored	0.0	0.0	0	0.0	0.0	0.0
605	20261134	scored	0.0	0.0	0	0.0	0.0	0.0
606	20261135	scored	0.0	0.0	0	0.0	0.0	0.0
607	20261136	scored	0.0	0.0	0	0.0	0.0	0.0
608	20261137	scored	0.0	0.0	0	0.0	0.0	0.0
609	20261138	scored	0.0	0.0	0	0.0	0.0	0.0
610	20261139	scored	0.0	0.0	0	0.0	0.0	0.0
611	20261140	scored	0.0	0.0	0	0.0	0.0	0.0
612	20261141	scored	0.0	0.0	0	0.0	0.0	0.0
613	20261142	scored	0.0	0.0	0	0.0	0.0	0.0
614	20261143	scored	0.0	0.0	0	0.0	0.0	0.0
615	20261144	scored	0.0	0.0	0	0.0	0.0	0.0
616	20261145	scored	0.0	0.0	0	0.0	0.0	0.0
617	20261146	scored	0.0	0.0	0	0.0	0.0	0.0
618	20261147	scored	0.0	0.0	0	0.0	0.0	0.0
619	20261148	scored	0.0	0.0	0	0.0	0.0	0.0
620	20261149	scored	0.0	0.0	0	0.0	0.0	0.0
621	20261150	scored	0.0	0.0	0	0.0	0.0	0.0
622	20261151	scored	0.0	0.0	0	0.0	0.0	0.0
623	20261152	scored	0.0	0.0	0	0.0	0.0	0.0
624	20261153	scored	0.0	0.0	0	0.0	0.0	0.0
625	20261154	scored	0.0	0.0	0	0.0	0.0	0.0
626	20261155	scored	0.0	0.0	0	0.0	0.0	0.0
627	20261156	scored	0.0	0.0	0	0.0	0.0	0.0
628	20261157	scored	0.0	0.0	0	0.0	0.0	0.0
629	20261158	scored	0.0	0.0	0	0.0	0.0	0.0
630	20261159	scored	0.0	0.0	0	0.0	0.0	0.0
631	20261160	scored	0.0	0.0	0	0.0	0.0	0.0
632	20261161	scored	0.0	0.0	0	0.0	0.0	0.0
633	20261162	scored	0.0	0.0	0	0.0	0.0	0.0
634	20261163	scored	0.0	0.0	0	0.0	0.0	0.0
635	20261164	scored	0.0	0.0	0	0.0	0.0	0.0
636	20261165	scored	0.0	0.0	0	0.0	0.0	0.0
637	20261166	scored	0.0	0.0	0	0.0	0.0	0.0
638	20261167	scored	0.0	0.0	0	0.0	0.0	0.0
639	20261168	scored	0.0	0.0	0	0.0	0.0	0.0
640	20261169	scored	0.0	0.0	0	0.0	0.0	0.0
641	20261170	scored	0.0	0.0	0	0.0	0.0	0.0
642	20261171	scored	0.0	0.0	0	0.0	0.0	0.0
643	20261172	scored	0.0	0.0	0	0.0	0.0	0.0
644	20261173	scored	0.0	0.0	0	0.0	0.0	0.0
645	20261174	scored	0.0	0.0	0	0.0	0.0	0.0
646	20261175	scored	0.0	0.0	0	0.0	0.0	0.0
647	20261176	scored	0.0	0.0	0	0.0	0.0	0.0
648	20261177	scored	0.0	0.0	0	0.0	0.0	0.0
649	20261178	scored	0.0	0.0	0	0.0	0.0	0.0
650	20261179	scored	0.0	0.0	0	0.0	0.0	0.0
651	20261180	scored	0.0	0.0	0	0.0	0.0	0.0
652	20261181	scored	0.0	0.0	0	0.0	0.0	0.0
653	20261182	scored	0.0	0.0	0	0.0	0.0	0.0
654	20261183	scored	0.0	0.0	0	0.0	0.0	0.0
655	20261184	scored	0.0	0.0	0	0.0	0.0	0.0
656	20261185	scored	0.0	0.0	0	0.0	0.0	0.0
657	20261186	scored	0.0	0.0	0	0.0	0.0	0.0
658	20261187	scored	0.0	0.0	0	0.0	0.0	0.0
659	20261188	scored	0.0	0.0	0	0.0	0.0	0.0
660	20261189	scored	0.0	0.0	0	0.0	0.0	0.0
661	20261190	scored	0.0	0.0	0	0.0	0.0	0.0
662	20261191	scored	0.0	0.0	0	0.0	0.0	0.0
663	20261192	scored	0.0	0.0	0	0.0	0.0	0.0
664	20261193	scored	0.0	0.0	0	0.0	0.0	0.0
665	20261194	scored	0.0	0.0	0	0.0	0.0	0.0
666	20261195	scored	0.0	0.0	0	0.0	0.0	0.0
667	20261196	scored	0.0	0.0	0	0.0	0.0	0.0
668	20261197	scored	0.0	0.0	0	0.0	0.0	0.0
669	20261198	scored	0.0	0.0	0	0.0	0.0	0.0
670	20261199	scored	0.0	0.0	0	0.0	0.0	0.0
671	20261200	scored	0.0	0.0	0	0.0	0.0	0.0
672	20261201	scored	0.0	0.0	0	0.0	0.0	0.0
673	20261202	scored	0.0	0.0	0	0.0	0.0	0.0
674	20261203	scored	0.0	0.0	0	0.0	0.0	0.0
675	20261204	scored	0.0	0.0	0	0.0	0.0	0.0
676	20261205	scored	0.0	0.0	0	0.0	0.0	0.0
677	20261206	scored	0.0	0.0	0	0.0	0.0	0.0
678	20261207	scored	0.0	0.0	0	0.0	0.0	0.0
679	20261208	scored	0.0	0.0	0	0.0	0.0	0.0
680	20261209	scored	0.0	0.0	0	0.0	0.0	0.0
681	20261210	scored	0.0	0.0	0	0.0	0.0	0.0
682	20261211	scored	0.0	0.0	0	0.0	0.0	0.0
683	20261212	scored	0.0	0.0	0	0.0	0.0	0.0
684	20261213	scored	0.0	0.0	0	0.0	0.0	0.0
685	20261214	scored	0.0	0.0	0	0.0	0.0	0.0
686	20261215	scored	0.0	0.0	0	0.0	0.0	0.0
687	20261216	scored	0.0	0.0	0	0.0	0.0	0.0
688	20261217	scored	0.0	0.0	0	0.0	0.0	0.0
689	20261218	scored	0.0	0.0	0	0.0	0.0	0.0
690	20261219	scored	0.0	0.0	0	0.0	0.0	0.0
691	20261220	scored	0.0	0.0	0	0.0	0.0	0.0
692	20261221	scored	0.0	0.0	0	0.0	0.0	0.0
693	20261222	scored	0.0	0.0	0	0.0	0.0	0.0
694	20261223	scored	0.0	0.0	0	0.0	0.0	0.0
695	20261224	scored	0.0	0.0	0	0.0	0.0	0.0
696	20261225	scored	0.0	0.0	0	0.0	0.0	0.0
697	20261226	scored	0.0	0.0	0	0.0	0.0	0.0
698	20261227	scored	0.0	0.0	0	0.0	0.0	0.0
699	20261228	scored	0.0	0.0	0	0.0	0.0	0.0
700	20261229	scored	0.0	0.0	0	0.0	0.0	0.0
701	20261230	scored	0.0	0.0	0	0.0	0.0	0.0
702	20261231	scored	0.0	0.0	0	0.0	0.0	0.0
703	20261232	scored	0.0	0.0	0	0.0	0.0	0.0
704	20261233	scored	0.0	0.0	0	0.0	0.0	0.0
705	20261234	scored	0.0	0.0	0	0.0	0.0	0.0
706	20261235	scored	0.0	0.0	0	0.0	0.0	0.0
707	20261236	scored	0.0	0.0	0	0.0	0.0	0.0
708	20261237	scored	0.0	0.0	0	0.0	0.0	0.0
709	20261238	scored	0.0	0.0	0	0.0	0.0	0.0
710	20261239	scored	0.0	0.0	0	0.0	0.0	0.0
711	20261240	scored	0.0	0.0	0	0.0	0.0	0.0
712	20261241	scored	0.0	0.0	0	0.0	0.0	0.0
713	20261242	scored	0.0	0.0	0	0.0	0.0	0.0
714	20261243	scored	0.0	0.0	0	0.0	0.0	0.0
715	20261244	scored	0.0	0.0	0	0.0	0.0	0.0
716	20261245	scored	0.0	0.0	0	0.0	0.0	0.0
717	20261246	scored	0.0	0.0	0	0.0	0.0	0.0
718	20261247	scored	0.0	0.0	0	0.0	0.0	0.0
719	20261248	scored	0.0	0.0	0	0.0	0.0	0.0
720	20261249	scored	0.0	0.0	0	0.0	0.0	0.0
721	20261250	scored	0.0	0.0	0	0.0	0.0	0.0
722	20261251	scored	0.0	0.0	0	0.0	0.0	0.0
723	20261252	scored	0.0	0.0	0	0.0	0.0	0.0
724	20261253	scored	0.0	0.0	0	0.0	0.0	0.0
725	20261254	scored	0.0	0.0	0	0.0	0.0	0.0
726	20261255	scored	0.0	0.0	0	0.0	0.0	0.0
727	20261256	scored	0.0	0.0	0	0.0	0.0	0.0
728	20261257	scored	0.0	0.0	0	0.0	0.0	0.0
729	20261258	scored	0.0	0.0	0	0.0	0.0	0.0
730	20261259	scored	0.0	0.0	0	0.0	0.0	0.0
731	20261260	scored	0.0	0.0	0	0.0	0.0	0.0
732	20261261	scored	0.0	0.0	0	0.0	0.0	0.0
733	20261262	scored	0.0	0.0	0	0.0	0.0	0.0
734	20261263	scored	0.0	0.0	0	0.0	0.0	0.0
735	20261264	scored	0.0	0.0	0	0.0	0.0	0.0
736	20261265	scored	0.0	0.0	0	0.0	0.0	0.0
737	20261266	scored	0.0	0.0	0	0.0	0.0	0.0
738	20261267	scored	0.0	0.0	0	0.0	0.0	0.0
739	20261268	scored	0.0	0.0	0	0.0	0.0	0.0
740	20261269	scored	0.0	0.0	0	0.0	0.0	0.0
741	20261270	scored	0.0	0.0	0	0.0	0.0	0.0
742	20261271	scored	0.0	0.0	0	0.0	0.0	0.0
743	20261272	scored	0.0	0.0	0	0.0	0.0	0.0
744	20261273	scored	0.0	0.0	0	0.0	0.0	0.0
745	20261274	scored	0.0	0.0	0	0.0	0.0	0.0
746	20261275	scored	0.0	0.0	0	0.0	0.0	0.0
747	20261276	scored	0.0	0.0	0	0.0	0.0	0.0
748	20261277	scored	0.0	0.0	0	0.0	0.0	0.0
749	20261278	scored	0.0	0.0	0	0.0	0.0	0.0
750	20261279	scored	0.0	0.0	0	0.0	0.0	0.0
751	20261280	scored	0.0	0.0	0	0.0	0.0	0.0
752	20261281	scored	0.0	0.0	0	0.0	0.0	0.0
753	20261282	scored	0.0	0.0	0	0.0	0.0	0.0
754	20261283	scored	0.0	0.0	0	0.0	0.0	0.0
755	20261284	scored	0.0	0.0	0	0.0	0.0	0.0
756	20261285	scored	0.0	0.0	0	0.0	0.0	0.0
757	20261286	scored	0.0	0.0	0	0.0	0.0	0.0
758	20261287	scored	0.0	0.0	0	0.0	0.0	0.0
759	20261288	scored	0.0	0.0	0	0.0	0.0	0.0
760	20261289	scored	0.0	0.0	0	0.0	0.0	0.0
761	20261290	scored	0.0	0.0	0	0.0	0.0	0.0
762	20261291	scored	0.0	0.0	0	0.0	0.0	0.0
763	20261292	scored	0.0	0.0	0	0.0	0.0	0.0
764	20261293	scored	0.0	0.0	0	0.0	0.0	0.0
765	20261294	scored	0.0	0.0	0	0.0	0.0	0.0
766	20261295	scored	0.0	0.0	0	0.0	0.0	0.0
767	20261296	scored	0.0	0.0	0	0.0	0.0	0.0
768	20261297	scored	0.0	0.0	0	0.0	0.0	0.0
769	20261298	scored	0.0	0.0	0	0.0	0.0	0.0
770	20261299	scored	0.0	0.0	0	0.0	0.0	0.0
771	20261300	scored	0.0	0.0	0	0.0	0.0	0.0
772	20261301	scored	0.0	0.0	0	0.0	0.0	0.0
773	20261302	scored	0.0	0.0	0	0.0	0.0	0.0
774	20261303	scored	0.0	0.0	0	0.0	0.0	0.0
775	20261304	scored	0.0	0.0	0	0.0	0.0	0.0
776	20261305	scored	0.0	0.0	0	0.0	0.0	0.0
777	20261306	scored	0.0	0.0	0	0.0	0.0	0.0
778	20261307	scored	0.0	0.0	0	0.0	0.0	0.0
779	20261308	scored	0.0	0.0	0	0.0	0.0	0.0
780	20261309	scored	0.0	0.0	0	0.0	0.0	0.0
781	20261310	scored	0.0	0.0	0	0.0	0.0	0.0
782	20261311	scored	0.0	0.0	0	0.0	0.0	0.0
783	20261312	scored	0.0	0.0	0	0.0	0.0	0.0
784	20261313	scored	0.0	0.0	0	0.0	0.0	0.0
785	20261314	scored	0.0	0.0	0	0.0	0.0	0.0
786	20261315	scored	0.0	0.0	0	0.0	0.0	0.0
787	20261316	scored	0.0	0.0	0	0.0	0.0	0.0
788	20261317	scored	0.0	0.0	0	0.0	0.0	0.0
789	20261318	scored	0.0	0.0	0	0.0	0.0	0.0
790	20261319	scored	0.0	0.0	0	0.0	0.0	0.0
791	20261320	scored	0.0	0.0	0	0.0	0.0	0.0
792	20261321	scored	0.0	0.0	0	0.0	0.0	0.0
793	20261322	scored	0.0	0.0	0	0.0	0.0	0.0
794	20261323	scored	0.0	0.0	0	0.0	0.0	0.0
795	20261324	scored	0.0	0.0	0	0.0	0.0	0.0
796	20261325	scored	0.0	0.0	0	0.0	0.0	0.0
797	20261326	scored	0.0	0.0	0	0.0	0.0	0.0
798	20261327	scored	0.0	0.0	0	0.0	0.0	0.0
799	20261328	scored	0.0	0.0	0	0.0	0.0	0.0
800	20261329	scored	0.0	0.0	0	0.0	0.0	0.0
801	20261330	scored	0.0	0.0	0	0.0	0.0	0.0
802	20261331	scored	0.0	0.0	0	0.0	0.0	0.0
803	20261332	scored	0.0	0.0	0	0.0	0.0	0.0
804	20261333	scored	0.0	0.0	0	0.0	0.0	0.0
805	20261334	scored	0.0	0.0	0	0.0	0.0	0.0
806	20261335	scored	0.0	0.0	0	0.0	0.0	0.0
807	20261336	scored	0.0	0.0	0	0.0	0.0	0.0
808	20261337	scored	0.0	0.0	0	0.0	0.0	0.0
809	20261338	scored	0.0	0.0	0	0.0	0.0	0.0
810	20261339	scored	0.0	0.0	0	0.0	0.0	0.0
811	20261340	scored	0.0	0.0	0	0.0	0.0	0.0
812	20261341	scored	0.0	0.0	0	0.0	0.0	0.0
813	20261342	scored	0.0	0.0	0	0.0	0.0	0.0
814	20261343	scored	0.0	0.0	0	0.0	0.0	0.0
815	20261344	scored	0.0	0.0	0	0.0	0.0	0.0
816	20261345	scored	0.0	0.0	0	0.0	0.0	0.0
817	20261346	scored	0.0	0.0	0	0.0	0.0	0.0
818	20261347	scored	0.0	0.0	0	0.0	0.0	0.0
819	20261348	scored	0.0	0.0	0	0.0	0.0	0.0
820	20261349	scored	0.0	0.0	0	0.0	0.0	0.0
821	20261350	scored	0.0	0.0	0	0.0	0.0	0.0
822	20261351	scored	0.0	0.0	0	0.0	0.0	0.0
823	20261352	scored	0.0	0.0	0	0.0	0.0	0.0
824	20261353	scored	0.0	0.0	0	0.0	0.0	0.0
825	20261354	scored	0.0	0.0	0	0.0	0.0	0.0
826	20261355	scored	0.0	0.0	0	0.0	0.0	0.0
827	20261356	scored	0.0	0.0	0	0.0	0.0	0.0
828	20261357	scored	0.0	0.0	0	0.0	0.0	0.0
829	20261358	scored	0.0	0.0	0	0.0	0.0	0.0
830	20261359	scored	0.0	0.0	0	0.0	0.0	0.0
831	20261360	scored	0.0	0.0	0	0.0	0.0	0.0
832	20261361	scored	0.0	0.0	0	0.0	0.0	0.0
833	20261362	scored	0.0	0.0	0	0.0	0.0	0.0
834	20261363	scored	0.0	0.0	0	0.0	0.0	0.0
835	20261364	scored	0.0	0.0	0	0.0	0.0	0.0
836	20261365	scored	0.0	0.0	0	0.0	0.0	0.0
837	20261366	scored	0.0	0.0	0	0.0	0.0	0.0
838	20261367	scored	0.0	0.0	0	0.0	0.0	0.0
839	20261368	scored	0.0	0.0	0	0.0	0.0	0.0
840	20261369	scored	0.0	0.0	0	0.0	0.0	0.0
841	20261370	scored	0.0	0.0	0	0.0	0.0	0.0
842	20261371	scored	0.0	0.0	0	0.0	0.0	0.0
843	20261372	scored	0.0	0.0	0	0.0	0.0	0.0
844	20261373	scored	0.0	0.0	0	0.0	0.0	0.0
845	20261374	scored	0.0	0.0	0	0.0	0.0	0.0
846	20261375	scored	0.0	0.0	0	0.0	0.0	0.0
847	20261376	scored	0.0	0.0	0	0.0	0.0	0.0
848	20261377	scored	0.0	0.0	0	0.0	0.0	0.0
849	20261378	scored	0.0	0.0	0	0.0	0.0	0.0
850	20261379	scored	0.0	0.0	0	0.0	0.0	0.0
851	20261380	scored	0.0	0.0	0	0.0	0.0	0.0
852	20261381	scored	0.0	0.0	0	0.0	0.0	0.0
853	20261382	scored	0.0	0.0	0	0.0	0.0	0.0
854	20261383	scored	0.0	0.0	0	0.0	0.0	0.0
855	20261384	scored	0.0	0.0	0	0.0	0.0	0.0
856	20261385	scored	0.0	0.0	0	0.0	0.0	0.0
857	20261386	scored	0.0	0.0	0	0.0	0.0	0.0
858	20261387	scored	0.0	0.0	0	0.0	0.0	0.0
859	20261388	scored	0.0	0.0	0	0.0	0.0	0.0
860	20261389	scored	0.0	0.0	0	0.0	0.0	0.0
861	20261390	scored	0.0	0.0	0	0.0	0.0	0.0
862	20261391	scored	0.0	0.0	0	0.0	0.0	0.0
863	20261392	scored	0.0	0.0	0	0.0	0.0	0.0
864	20261393	scored	0.0	0.0	0	0.0	0.0	0.0
865	20261394	scored	0.0	0.0	0	0.0	0.0	0.0
866	20261395	scored	0.0	0.0	0	0.0	0.0	0.0
867	20261396	scored	0.0	0.0	0	0.0	0.0	0.0
868	20261397	scored	0.0	0.0	0	0.0	0.0	0.0
869	20261398	scored	0.0	0.0	0	0.0	0.0	0.0
870	20261399	scored	0.0	0.0	0	0.0	0.0	0.0
871	20261400	scored	0.0	0.0	0	0.0	0.0	0.0
872	20261401	scored	0.0	0.0	0	0.0	0.0	0.0
873	20261402	scored	0.0	0.0	0	0.0	0.0	0.0
874	20261403	scored	0.0	0.0	0	0.0	0.0	0.0
875	20261404	scored	0.0	0.0	0	0.0	0.0	0.0
876	20261405	scored	0.0	0.0	0	0.0	0.0	0.0
877	20261406	scored	0.0	0.0	0	0.0	0.0	0.0
878	20261407	scored	0.0	0.0	0	0.0	0.0	0.0
879	20261408	scored	0.0	0.0	0	0.0	0.0	0.0
880	20261409	scored	0.0	0.0	0	0.0	0.0	0.0
881	20261410	scored	0.0	0.0	0	0.0	0.0	0.0
882	20261411	scored	0.0	0.0	0	0.0	0.0	0.0
883	20261412	scored	0.0	0.0	0	0.0	0.0	0.0
884	20261413	scored	0.0	0.0	0	0.0	0.0	0.0
885	20261414	scored	0.0	0.0	0	0.0	0.0	0.0
886	20261415	scored	0.0	0.0	0	0.0	0.0	0.0
887	20261416	scored	0.0	0.0	0	0.0	0.0	0.0
888	20261417	scored	0.0	0.0	0	0.0	0.0	0.0
889	20261418	scored	0.0	0.0	0	0.0	0.0	0.0
890	20261419	scored	0.0	0.0	0	0.0	0.0	0.0
891	20261420	scored	0.0	0.0	0	0.0	0.0	0.0
892	20261421	scored	0.0	0.0	0	0.0	0.0	0.0
893	20261422	scored	0.0	0.0	0	0.0	0.0	0.0
894	20261423	scored	0.0	0.0	0	0.0	0.0	0.0
895	20261424	scored	0.0	0.0	0	0.0	0.0	0.0
896	20261425	scored	0.0	0.0	0	0.0	0.0	0.0
897	20261426	scored	0.0	0.0	0	0.0	0.0	0.0
898	20261427	scored	0.0	0.0	0	0.0	0.0	0.0
899	20261428	scored	0.0	0.0	0	0.0	0.0	0.0
900	20261429	scored	0.0	0.0	0	0.0	0.0	0.0
901	20261430	scored	0.0	0.0	0	0.0	0.0	0.0
902	20261431	scored	0.0	0.0	0	0.0	0.0	0.0
903	20261432	scored	0.0	0.0	0	0.0	0.0	0.0
904	20261433	scored	0.0	0.0	0	0.0	0.0	0.0
905	20261434	scored	0.0	0.0	0	0.0	0.0	0.0
906	20261435	scored	0.0	0.0	0	0.0	0.0	0.0
907	20261436	scored	0.0	0.0	0	0.0	0.0	0.0
908	20261437	scored	0.0	0.0	0	0.0	0.0	0.0
909	20261438	scored	0.0	0.0	0	0.0	0.0	0.0
910	20261439	scored	0.0	0.0	0	0.0	0.0	0.0
911	20261440	scored	0.0	0.0	0	0.0	0.0	0.0
912	20261441	scored	0.0	0.0	0	0.0	0.0	0.0
913	20261442	scored	0.0	0.0	0	0.0	0.0	0.0
914	20261443	scored	0.0	0.0	0	0.0	0.0	0.0
915	20261444	scored	0.0	0.0	0	0.0	0.0	0.0
916	20261445	scored	0.0	0.0	0	0.0	0.0	0.0
917	20261446	scored	0.0	0.0	0	0.0	0.0	0.0
918	20261447	scored	0.0	0.0	0	0.0	0.0	0.0
919	20261448	scored	0.0	0.0	0	0.0	0.0	0.0
920	20261449	scored	0.0	0.0	0	0.0	0.0	0.0
921	20261450	scored	0.0	0.0	0	0.0	0.0	0.0
922	20261451	scored	0.0	0.0	0	0.0	0.0	0.0
923	20261452	scored	0.0	0.0	0	0.0	0.0	0.0
924	20261453	scored	0.0	0.0	0	0.0	0.0	0.0
925	20261454	scored	0.0	0.0	0	0.0	0.0	0.0
926	20261455	scored	0.0	0.0	0	0.0	0.0	0.0
927	20261456	scored	0.0	0.0	0	0.0	0.0	0.0
928	20261457	scored	0.0	0.0	0	0.0	0.0	0.0
929	20261458	scored	0.0	0.0	0	0.0	0.0	0.0
930	20261459	scored	0.0	0.0	0	0.0	0.0	0.0
931	20261460	scored	0.0	0.0	0	0.0	0.0	0.0
932	20261461	scored	0.0	0.0	0	0.0	0.0	0.0
933	20261462	scored	0.0	0.0	0	0.0	0.0	0.0
934	20261463	scored	0.0	0.0	0	0.0	0.0	0.0
935	20261464	scored	0.0	0.0	0	0.0	0.0	0.0
936	20261465	scored	0.0	0.0	0	0.0	0.0	0.0
937	20261466	scored	0.0	0.0	0	0.0	0.0	0.0
938	20261467	scored	0.0	0.0	0	0.0	0.0	0.0
939	20261468	scored	0.0	0.0	0	0.0	0.0	0.0
940	20261469	scored	0.0	0.0	0	0.0	0.0	0.0
941	20261470	scored	0.0	0.0	0	0.0	0.0	0.0
942	20261471	scored	0.0	0.0	0	0.0	0.0	0.0
943	20261472	scored	0.0	0.0	0	0.0	0.0	0.0
944	20261473	scored	0.0	0.0	0	0.0	0.0	0.0
945	20261474	scored	0.0	0.0	0	0.0	0.0	0.0
946	20261475	scored	0.0	0.0	0	0.0	0.0	0.0
947	20261476	scored	0.0	0.0	0	0.0	0.0	0.0
948	20261477	scored	0.0	0.0	0	0.0	0.0	0.0
949	20261478	scored	0.0	0.0	0	0.0	0.0	0.0
950	20261479	scored	0.0	0.0	0	0.0	0.0	0.0
951	20261480	scored	0.0	0.0	0	0.0	0.0	0.0
952	20261481	scored	0.0	0.0	0	0.0	0.0	0.0
953	20261482	scored	0.0	0.0	0	0.0	0.0	0.0
954	20261483	scored	0.0	0.0	0	0.0	0.0	0.0
955	20261484	scored	0.0	0.0	0	0.0	0.0	0.0
956	20261485	scored	0.0	0.0	0	0.0	0.0	0.0
957	20261486	scored	0.0	0.0	0	0.0	0.0	0.0
958	20261487	scored	0.0	0.0	0	0.0	0.0	0.0
959	20261488	scored	0.0	0.0	0	0.0	0.0	0.0
960	20261489	scored	0.0	0.0	0	0.0	0.0	0.0
961	20261490	scored	0.0	0.0	0	0.0	0.0	0.0
962	20261491	scored	0.0	0.0	0	0.0	0.0	0.0
963	20261492	scored	0.0	0.0	0	0.0	0.0	0.0
964	20261493	scored	0.0	0.0	0	0.0	0.0	0.0
965	20261494	scored	0.0	0.0	0	0.0	0.0	0.0
966	20261495	scored	0.0	0.0	0	0.0	0.0	0.0
967	20261496	scored	0.0	0.0	0	0.0	0.0	0.0
968	20261497	scored	0.0	0.0	0	0.0	0.0	0.0
969	20261498	scored	0.0	0.0	0	0.0	0.0	0.0
970	20261499	scored	0.0	0.0	0	0.0	0.0	0.0
971	20261500	scored	0.0	0.0	0	0.0	0.0	0.0
972	20261501	scored	0.0	0.0	0	0.0	0.0	0.0
973	20261502	scored	0.0	0.0	0	0.0	0.0	0.0
974	20261503	scored	0.0	0.0	0	0.0	0.0	0.0
975	20261504	scored	0.0	0.0	0	0.0	0.0	0.0
976	20261505	scored	0.0	0.0	0	0.0	0.0	0.0
977	20261506	scored	0.0	0.0	0	0.0	0.0	0.0
978	20261507	scored	0.0	0.0	0	0.0	0.0	0.0
979	20261508	scored	0.0	0.0	0	0.0	0.0	0.0
980	20261509	scored	0.0	0.0	0	0.0	0.0	0.0
981	20261510	scored	0.0	0.0	0	0.0	0.0	0.0
982	20261511	scored	0.0	0.0	0	0.0	0.0	0.0
983	20261512	scored	0.0	0.0	0	0.0	0.0	0.0
984	20261513	scored	0.0	0.0	0	0.0	0.0	0.0
985	20261514	scored	0.0	0.0	0	0.0	0.0	0.0
986	20261515	scored	0.0	0.0	0	0.0	0.0	0.0
987	20261516	scored	0.0	0.0	0	0.0	0.0	0.0
988	20261517	scored	0.0	0.0	0	0.0	0.0	0.0
989	20261518	scored	0.0	0.0	0	0.0	0.0	0.0
990	20261519	scored	0.0	0.0	0	0.0	0.0	0.0
991	20261520	scored	0.0	0.0	0	0.0	0.0	0.0
992	20261521	scored	0.0	0.0	0	0.0	0.0	0.0
993	20261522	scored	0.0	0.0	0	0.0	0.0	0.0
994	20261523	scored	0.0	0.0	0	0.0	0.0	0.0
995	20261524	scored	0.0	0.0	0	0.0	0.0	0.0
996	20261525	scored	0.0	0.0	0	0.0	0.0	0.0
997	20261526	scored	0.0	0.0	0	0.0	0.0	0.0
998	20261527	scored	0.0	0.0	0	0.0	0.0	0.0
999	20261528	scored	0.0	0.0	0	0.0	0.0	0.0
1000	20261529	scored	0.0	0.0	0	0.0	0.0	0.0
