family_id	method	aligned_site_index_zero	aligned_site_index_one	original_site_index_zero	original_site_index_one	mapping_status	n_taxa_mapped	n_taxa_gap	n_taxa_conflict	mapping_confidence
empirical	user_msa	0	1	0	1	unique	9	0	0	1.0
empirical	user_msa	1	2	1	2	unique	9	0	0	1.0
empirical	user_msa	2	3	2	3	unique	9	0	0	1.0
empirical	user_msa	3	4	3	4	unique	9	0	0	1.0
empirical	user_msa	4	5	4	5	unique	9	0	0	1.0
empirical	user_msa	5	6	5	6	unique	9	0	0	1.0
empirical	user_msa	6	7	6	7	unique	9	0	0	1.0
empirical	user_msa	7	8	7	8	unique	9	0	0	1.0
empirical	user_msa	8	9	8	9	unique	9	0	0	1.0
empirical	user_msa	9	10	9	10	unique	9	0	0	1.0
empirical	user_msa	10	11	10	11	unique	9	0	0	1.0
empirical	user_msa	11	12	11	12	unique	9	0	0	1.0
empirical	user_msa	12	13	12	13	unique	9	0	0	1.0
empirical	user_msa	13	14	13	14	unique	9	0	0	1.0
empirical	user_msa	14	15	14	15	unique	9	0	0	1.0
empirical	user_msa	15	16	15	16	unique	9	0	0	1.0
empirical	user_msa	16	17	16	17	unique	9	0	0	1.0
empirical	user_msa	17	18	17	18	unique	9	0	0	1.0
empirical	user_msa	18	19	18	19	unique	9	0	0	1.0
empirical	user_msa	19	20	19	20	unique	9	0	0	1.0
empirical	user_msa	20	21	20	21	unique	9	0	0	1.0
empirical	user_msa	21	22	21	22	unique	9	0	0	1.0
empirical	user_msa	22	23	22	23	unique	9	0	0	1.0
empirical	user_msa	23	24	23	24	unique	9	0	0	1.0
empirical	user_msa	24	25	24	25	unique	9	0	0	1.0
empirical	user_msa	25	26	25	26	unique	9	0	0	1.0
empirical	user_msa	26	27	26	27	unique	9	0	0	1.0
empirical	user_msa	27	28	27	28	unique	9	0	0	1.0
empirical	user_msa	28	29	28	29	unique	9	0	0	1.0
empirical	user_msa	29	30	29	30	unique	9	0	0	1.0
empirical	user_msa	30	31	30	31	unique	9	0	0	1.0
empirical	user_msa	31	32	31	32	unique	9	0	0	1.0
empirical	user_msa	32	33	32	33	unique	9	0	0	1.0
empirical	user_msa	33	34	33	34	unique	9	0	0	1.0
empirical	user_msa	34	35	34	35	unique	9	0	0	1.0
empirical	user_msa	35	36	35	36	unique	9	0	0	1.0
empirical	user_msa	36	37	36	37	unique	9	0	0	1.0
empirical	user_msa	37	38	37	38	unique	9	0	0	1.0
empirical	user_msa	38	39	38	39	unique	9	0	0	1.0
empirical	user_msa	39	40	39	40	unique	9	0	0	1.0
empirical	user_msa	40	41	40	41	unique	9	0	0	1.0
empirical	user_msa	41	42	41	42	unique	9	0	0	1.0
empirical	user_msa	42	43	42	43	unique	9	0	0	1.0
empirical	user_msa	43	44	43	44	unique	9	0	0	1.0
empirical	user_msa	44	45	44	45	unique	9	0	0	1.0
empirical	user_msa	45	46	45	46	unique	9	0	0	1.0
empirical	user_msa	46	47	46	47	unique	9	0	0	1.0
empirical	user_msa	47	48	47	48	unique	9	0	0	1.0
empirical	user_msa	48	49	48	49	unique	9	0	0	1.0
empirical	user_msa	49	50	49	50	unique	9	0	0	1.0
empirical	user_msa	50	51	50	51	unique	9	0	0	1.0
empirical	user_msa	51	52	51	52	unique	9	0	0	1.0
empirical	user_msa	52	53	52	53	unique	9	0	0	1.0
empirical	user_msa	53	54	53	54	unique	9	0	0	1.0
empirical	user_msa	54	55	54	55	unique	9	0	0	1.0
empirical	user_msa	55	56	55	56	unique	9	0	0	1.0
empirical	user_msa	56	57	56	57	unique	9	0	0	1.0
empirical	user_msa	57	58	57	58	unique	9	0	0	1.0
empirical	user_msa	58	59	58	59	unique	9	0	0	1.0
empirical	user_msa	59	60	59	60	unique	9	0	0	1.0
empirical	user_msa	60	61	60	61	unique	9	0	0	1.0
empirical	user_msa	61	62	61	62	unique	9	0	0	1.0
empirical	user_msa	62	63	62	63	unique	9	0	0	1.0
empirical	user_msa	63	64	63	64	unique	9	0	0	1.0
empirical	user_msa	64	65	64	65	unique	9	0	0	1.0
empirical	user_msa	65	66	65	66	unique	9	0	0	1.0
empirical	user_msa	66	67	66	67	unique	9	0	0	1.0
empirical	user_msa	67	68	67	68	unique	9	0	0	1.0
empirical	user_msa	68	69	68	69	unique	9	0	0	1.0
empirical	user_msa	69	70	69	70	unique	9	0	0	1.0
empirical	user_msa	70	71	70	71	unique	9	0	0	1.0
empirical	user_msa	71	72	71	72	unique	9	0	0	1.0
empirical	user_msa	72	73	72	73	unique	9	0	0	1.0
empirical	user_msa	73	74	73	74	unique	9	0	0	1.0
empirical	user_msa	74	75	74	75	unique	9	0	0	1.0
empirical	user_msa	75	76	75	76	unique	9	0	0	1.0
empirical	user_msa	76	77	76	77	unique	8	1	0	1.0
empirical	user_msa	77	78	77	78	unique	9	0	0	1.0
empirical	user_msa	78	79	78	79	unique	9	0	0	1.0
empirical	user_msa	79	80	79	80	unique	9	0	0	1.0
empirical	user_msa	80	81	80	81	unique	9	0	0	1.0
empirical	user_msa	81	82	81	82	unique	9	0	0	1.0
empirical	user_msa	82	83	82	83	unique	9	0	0	1.0
empirical	user_msa	83	84	83	84	unique	9	0	0	1.0
empirical	user_msa	84	85	84	85	unique	9	0	0	1.0
empirical	user_msa	85	86	85	86	unique	9	0	0	1.0
empirical	user_msa	86	87	86	87	unique	9	0	0	1.0
empirical	user_msa	87	88	87	88	unique	9	0	0	1.0
empirical	user_msa	88	89	88	89	unique	9	0	0	1.0
empirical	user_msa	89	90	89	90	unique	9	0	0	1.0
empirical	user_msa	90	91	90	91	unique	9	0	0	1.0
empirical	user_msa	91	92	91	92	unique	9	0	0	1.0
empirical	user_msa	92	93	92	93	unique	9	0	0	1.0
empirical	user_msa	93	94	93	94	unique	9	0	0	1.0
empirical	user_msa	94	95	94	95	unique	9	0	0	1.0
empirical	user_msa	95	96	95	96	unique	9	0	0	1.0
empirical	user_msa	96	97	96	97	unique	9	0	0	1.0
empirical	user_msa	97	98	97	98	unique	9	0	0	1.0
empirical	user_msa	98	99	98	99	unique	9	0	0	1.0
empirical	user_msa	99	100	99	100	unique	9	0	0	1.0
empirical	user_msa	100	101	100	101	unique	9	0	0	1.0
empirical	user_msa	101	102	101	102	unique	9	0	0	1.0
empirical	user_msa	102	103	102	103	unique	9	0	0	1.0
empirical	user_msa	103	104	103	104	unique	9	0	0	1.0
empirical	user_msa	104	105	104	105	unique	9	0	0	1.0
empirical	user_msa	105	106	105	106	unique	9	0	0	1.0
empirical	user_msa	106	107	106	107	unique	9	0	0	1.0
empirical	user_msa	107	108	107	108	unique	9	0	0	1.0
empirical	user_msa	108	109	108	109	unique	9	0	0	1.0
empirical	user_msa	109	110	109	110	unique	9	0	0	1.0
empirical	user_msa	110	111	110	111	unique	9	0	0	1.0
empirical	user_msa	111	112	111	112	unique	9	0	0	1.0
empirical	user_msa	112	113	112	113	unique	9	0	0	1.0
empirical	user_msa	113	114	113	114	unique	9	0	0	1.0
empirical	user_msa	114	115	114	115	unique	9	0	0	1.0
empirical	user_msa	115	116	115	116	unique	9	0	0	1.0
empirical	user_msa	116	117	116	117	unique	9	0	0	1.0
empirical	user_msa	117	118	117	118	unique	9	0	0	1.0
empirical	user_msa	118	119	118	119	unique	9	0	0	1.0
empirical	user_msa	119	120	119	120	unique	9	0	0	1.0
empirical	user_msa	120	121	120	121	unique	9	0	0	1.0
empirical	user_msa	121	122	121	122	unique	9	0	0	1.0
empirical	user_msa	122	123	122	123	unique	9	0	0	1.0
empirical	user_msa	123	124	123	124	unique	9	0	0	1.0
empirical	user_msa	124	125	124	125	unique	9	0	0	1.0
empirical	user_msa	125	126	125	126	unique	9	0	0	1.0
empirical	user_msa	126	127	126	127	unique	9	0	0	1.0
empirical	user_msa	127	128	127	128	unique	9	0	0	1.0
empirical	user_msa	128	129	128	129	unique	9	0	0	1.0
empirical	user_msa	129	130	129	130	unique	9	0	0	1.0
empirical	user_msa	130	131	130	131	unique	9	0	0	1.0
empirical	user_msa	131	132	131	132	unique	9	0	0	1.0
empirical	user_msa	132	133	132	133	unique	9	0	0	1.0
empirical	user_msa	133	134	133	134	unique	9	0	0	1.0
empirical	user_msa	134	135	134	135	unique	9	0	0	1.0
empirical	user_msa	135	136	135	136	unique	9	0	0	1.0
empirical	user_msa	136	137	136	137	unique	9	0	0	1.0
empirical	user_msa	137	138	137	138	unique	9	0	0	1.0
empirical	user_msa	138	139	138	139	unique	9	0	0	1.0
empirical	user_msa	139	140	139	140	unique	9	0	0	1.0
empirical	user_msa	140	141	140	141	unique	9	0	0	1.0
empirical	user_msa	141	142	141	142	unique	9	0	0	1.0
empirical	user_msa	142	143	142	143	unique	9	0	0	1.0
empirical	user_msa	143	144	143	144	unique	9	0	0	1.0
empirical	user_msa	144	145	144	145	unique	9	0	0	1.0
empirical	user_msa	145	146	145	146	unique	9	0	0	1.0
empirical	user_msa	146	147	146	147	unique	9	0	0	1.0
empirical	user_msa	147	148	147	148	unique	9	0	0	1.0
empirical	user_msa	148	149	148	149	unique	9	0	0	1.0
empirical	user_msa	149	150	149	150	unique	9	0	0	1.0
empirical	user_msa	150	151	150	151	unique	9	0	0	1.0
empirical	user_msa	151	152	151	152	unique	9	0	0	1.0
empirical	user_msa	152	153	152	153	unique	9	0	0	1.0
empirical	user_msa	153	154	153	154	unique	9	0	0	1.0
empirical	user_msa	154	155	154	155	unique	9	0	0	1.0
empirical	user_msa	155	156	155	156	unique	9	0	0	1.0
empirical	user_msa	156	157	156	157	unique	9	0	0	1.0
empirical	user_msa	157	158	157	158	unique	9	0	0	1.0
empirical	user_msa	158	159	158	159	unique	9	0	0	1.0
empirical	user_msa	159	160	159	160	unique	9	0	0	1.0
empirical	user_msa	160	161	160	161	unique	9	0	0	1.0
empirical	user_msa	161	162	161	162	unique	9	0	0	1.0
empirical	user_msa	162	163	162	163	unique	9	0	0	1.0
empirical	user_msa	163	164	163	164	unique	9	0	0	1.0
empirical	user_msa	164	165	164	165	unique	9	0	0	1.0
empirical	user_msa	165	166	165	166	unique	9	0	0	1.0
empirical	user_msa	166	167	166	167	unique	9	0	0	1.0
empirical	user_msa	167	168	167	168	unique	9	0	0	1.0
empirical	user_msa	168	169	168	169	unique	9	0	0	1.0
empirical	user_msa	169	170	169	170	unique	9	0	0	1.0
empirical	user_msa	170	171	170	171	unique	9	0	0	1.0
empirical	user_msa	171	172	171	172	unique	9	0	0	1.0
empirical	user_msa	172	173	172	173	unique	9	0	0	1.0
empirical	user_msa	173	174	173	174	unique	9	0	0	1.0
empirical	user_msa	174	175	174	175	unique	9	0	0	1.0
empirical	user_msa	175	176	175	176	unique	9	0	0	1.0
empirical	user_msa	176	177	176	177	unique	9	0	0	1.0
empirical	user_msa	177	178	177	178	unique	9	0	0	1.0
empirical	user_msa	178	179	178	179	unique	9	0	0	1.0
empirical	user_msa	179	180	179	180	unique	9	0	0	1.0
empirical	user_msa	180	181	180	181	unique	9	0	0	1.0
empirical	user_msa	181	182	181	182	unique	9	0	0	1.0
empirical	user_msa	182	183	182	183	unique	9	0	0	1.0
empirical	user_msa	183	184	183	184	unique	9	0	0	1.0
empirical	user_msa	184	185	184	185	unique	9	0	0	1.0
empirical	user_msa	185	186	185	186	unique	9	0	0	1.0
empirical	user_msa	186	187	186	187	unique	9	0	0	1.0
empirical	user_msa	187	188	187	188	unique	9	0	0	1.0
empirical	user_msa	188	189	188	189	unique	9	0	0	1.0
empirical	user_msa	189	190	189	190	unique	9	0	0	1.0
empirical	user_msa	190	191	190	191	unique	9	0	0	1.0
empirical	user_msa	191	192	191	192	unique	9	0	0	1.0
empirical	user_msa	192	193	192	193	unique	9	0	0	1.0
empirical	user_msa	193	194	193	194	unique	9	0	0	1.0
empirical	user_msa	194	195	194	195	unique	9	0	0	1.0
empirical	user_msa	195	196	195	196	unique	9	0	0	1.0
empirical	user_msa	196	197	196	197	unique	9	0	0	1.0
empirical	user_msa	197	198	197	198	unique	9	0	0	1.0
empirical	user_msa	198	199	198	199	unique	9	0	0	1.0
empirical	user_msa	199	200	199	200	unique	9	0	0	1.0
empirical	user_msa	200	201	200	201	unique	9	0	0	1.0
empirical	user_msa	201	202	201	202	unique	9	0	0	1.0
empirical	user_msa	202	203	202	203	unique	9	0	0	1.0
empirical	user_msa	203	204	203	204	unique	9	0	0	1.0
empirical	user_msa	204	205	204	205	unique	9	0	0	1.0
empirical	user_msa	205	206	205	206	unique	9	0	0	1.0
empirical	user_msa	206	207	206	207	unique	9	0	0	1.0
empirical	user_msa	207	208	207	208	unique	9	0	0	1.0
empirical	user_msa	208	209	208	209	unique	9	0	0	1.0
empirical	user_msa	209	210	209	210	unique	9	0	0	1.0
empirical	user_msa	210	211	210	211	unique	9	0	0	1.0
empirical	user_msa	211	212	211	212	unique	9	0	0	1.0
empirical	user_msa	212	213	212	213	unique	9	0	0	1.0
empirical	user_msa	213	214	213	214	unique	9	0	0	1.0
empirical	user_msa	214	215	214	215	unique	9	0	0	1.0
empirical	user_msa	215	216	215	216	unique	9	0	0	1.0
empirical	user_msa	216	217	216	217	unique	9	0	0	1.0
empirical	user_msa	217	218	217	218	unique	9	0	0	1.0
empirical	user_msa	218	219	218	219	unique	9	0	0	1.0
empirical	user_msa	219	220	219	220	unique	9	0	0	1.0
empirical	user_msa	220	221	220	221	unique	9	0	0	1.0
empirical	user_msa	221	222	221	222	unique	9	0	0	1.0
empirical	user_msa	222	223	222	223	unique	9	0	0	1.0
empirical	user_msa	223	224	223	224	unique	9	0	0	1.0
empirical	user_msa	224	225	224	225	unique	9	0	0	1.0
empirical	user_msa	225	226	225	226	unique	9	0	0	1.0
empirical	user_msa	226	227	226	227	unique	9	0	0	1.0
empirical	user_msa	227	228	227	228	unique	9	0	0	1.0
empirical	user_msa	228	229	228	229	unique	9	0	0	1.0
empirical	user_msa	229	230	229	230	unique	9	0	0	1.0
empirical	user_msa	230	231	230	231	unique	9	0	0	1.0
empirical	user_msa	231	232	231	232	unique	9	0	0	1.0
empirical	user_msa	232	233	232	233	unique	9	0	0	1.0
empirical	user_msa	233	234	233	234	unique	9	0	0	1.0
empirical	user_msa	234	235	234	235	unique	9	0	0	1.0
empirical	user_msa	235	236	235	236	unique	9	0	0	1.0
empirical	user_msa	236	237	236	237	unique	9	0	0	1.0
empirical	user_msa	237	238	237	238	unique	9	0	0	1.0
empirical	user_msa	238	239	238	239	unique	9	0	0	1.0
empirical	user_msa	239	240	239	240	unique	9	0	0	1.0
empirical	user_msa	240	241	240	241	unique	9	0	0	1.0
empirical	user_msa	241	242	241	242	unique	9	0	0	1.0
empirical	user_msa	242	243	242	243	unique	9	0	0	1.0
empirical	user_msa	243	244	243	244	unique	9	0	0	1.0
empirical	user_msa	244	245	244	245	unique	9	0	0	1.0
empirical	user_msa	245	246	245	246	unique	9	0	0	1.0
empirical	user_msa	246	247	246	247	unique	9	0	0	1.0
empirical	user_msa	247	248	247	248	unique	9	0	0	1.0
empirical	user_msa	248	249	248	249	unique	9	0	0	1.0
empirical	user_msa	249	250	249	250	unique	9	0	0	1.0
empirical	user_msa	250	251	250	251	unique	9	0	0	1.0
empirical	user_msa	251	252	251	252	unique	9	0	0	1.0
empirical	user_msa	252	253	252	253	unique	9	0	0	1.0
empirical	user_msa	253	254	253	254	unique	9	0	0	1.0
empirical	user_msa	254	255	254	255	unique	9	0	0	1.0
empirical	user_msa	255	256	255	256	unique	9	0	0	1.0
empirical	user_msa	256	257	256	257	unique	9	0	0	1.0
empirical	user_msa	257	258	257	258	unique	9	0	0	1.0
empirical	user_msa	258	259	258	259	unique	9	0	0	1.0
empirical	user_msa	259	260	259	260	unique	9	0	0	1.0
empirical	user_msa	260	261	260	261	unique	9	0	0	1.0
empirical	user_msa	261	262	261	262	unique	9	0	0	1.0
empirical	user_msa	262	263	262	263	unique	9	0	0	1.0
empirical	user_msa	263	264	263	264	unique	9	0	0	1.0
empirical	user_msa	264	265	264	265	unique	9	0	0	1.0
empirical	user_msa	265	266	265	266	unique	9	0	0	1.0
empirical	user_msa	266	267	266	267	unique	9	0	0	1.0
empirical	user_msa	267	268	267	268	unique	9	0	0	1.0
empirical	user_msa	268	269	268	269	unique	9	0	0	1.0
empirical	user_msa	269	270	269	270	unique	9	0	0	1.0
empirical	user_msa	270	271	270	271	unique	9	0	0	1.0
empirical	user_msa	271	272	271	272	unique	9	0	0	1.0
empirical	user_msa	272	273	272	273	unique	9	0	0	1.0
empirical	user_msa	273	274	273	274	unique	9	0	0	1.0
empirical	user_msa	274	275	274	275	unique	9	0	0	1.0
empirical	user_msa	275	276	275	276	unique	9	0	0	1.0
empirical	user_msa	276	277	276	277	unique	9	0	0	1.0
empirical	user_msa	277	278	277	278	unique	9	0	0	1.0
empirical	user_msa	278	279	278	279	unique	9	0	0	1.0
empirical	user_msa	279	280	279	280	unique	9	0	0	1.0
empirical	user_msa	280	281	280	281	unique	9	0	0	1.0
empirical	user_msa	281	282	281	282	unique	9	0	0	1.0
empirical	user_msa	282	283	282	283	unique	9	0	0	1.0
empirical	user_msa	283	284	283	284	unique	9	0	0	1.0
empirical	user_msa	284	285	284	285	unique	9	0	0	1.0
empirical	user_msa	285	286	285	286	unique	9	0	0	1.0
empirical	user_msa	286	287	286	287	unique	9	0	0	1.0
empirical	user_msa	287	288	287	288	unique	9	0	0	1.0
empirical	user_msa	288	289	288	289	unique	9	0	0	1.0
empirical	user_msa	289	290	289	290	unique	9	0	0	1.0
empirical	user_msa	290	291	290	291	unique	9	0	0	1.0
empirical	user_msa	291	292	291	292	unique	9	0	0	1.0
empirical	user_msa	292	293	292	293	unique	9	0	0	1.0
empirical	user_msa	293	294	293	294	unique	9	0	0	1.0
empirical	user_msa	294	295	294	295	unique	9	0	0	1.0
empirical	user_msa	295	296	295	296	unique	9	0	0	1.0
empirical	user_msa	296	297	296	297	unique	9	0	0	1.0
empirical	user_msa	297	298	297	298	unique	9	0	0	1.0
empirical	user_msa	298	299	298	299	unique	9	0	0	1.0
empirical	user_msa	299	300	299	300	unique	9	0	0	1.0
empirical	user_msa	300	301	300	301	unique	9	0	0	1.0
empirical	user_msa	301	302	301	302	unique	9	0	0	1.0
empirical	user_msa	302	303	302	303	unique	9	0	0	1.0
empirical	user_msa	303	304	303	304	unique	9	0	0	1.0
empirical	user_msa	304	305	304	305	unique	9	0	0	1.0
empirical	user_msa	305	306	305	306	unique	9	0	0	1.0
empirical	user_msa	306	307	306	307	unique	9	0	0	1.0
empirical	user_msa	307	308	307	308	unique	9	0	0	1.0
empirical	user_msa	308	309	308	309	unique	9	0	0	1.0
empirical	user_msa	309	310	309	310	unique	9	0	0	1.0
empirical	user_msa	310	311	310	311	unique	9	0	0	1.0
empirical	user_msa	311	312	311	312	unique	9	0	0	1.0
empirical	user_msa	312	313	312	313	unique	9	0	0	1.0
empirical	user_msa	313	314	313	314	unique	9	0	0	1.0
empirical	user_msa	314	315	314	315	unique	9	0	0	1.0
empirical	user_msa	315	316	315	316	unique	9	0	0	1.0
empirical	user_msa	316	317	316	317	unique	9	0	0	1.0
empirical	user_msa	317	318	317	318	unique	9	0	0	1.0
empirical	user_msa	318	319	318	319	unique	9	0	0	1.0
empirical	user_msa	319	320	319	320	unique	9	0	0	1.0
empirical	user_msa	320	321	320	321	unique	9	0	0	1.0
empirical	user_msa	321	322	321	322	unique	9	0	0	1.0
empirical	user_msa	322	323	322	323	unique	9	0	0	1.0
empirical	user_msa	323	324	323	324	unique	9	0	0	1.0
empirical	user_msa	324	325	324	325	unique	9	0	0	1.0
empirical	user_msa	325	326	325	326	unique	9	0	0	1.0
empirical	user_msa	326	327	326	327	unique	9	0	0	1.0
empirical	user_msa	327	328	327	328	unique	9	0	0	1.0
empirical	user_msa	328	329	328	329	unique	9	0	0	1.0
empirical	user_msa	329	330	329	330	unique	9	0	0	1.0
empirical	user_msa	330	331	330	331	unique	9	0	0	1.0
empirical	user_msa	331	332	331	332	unique	9	0	0	1.0
empirical	user_msa	332	333	332	333	unique	9	0	0	1.0
empirical	user_msa	333	334	333	334	unique	9	0	0	1.0
empirical	user_msa	334	335	334	335	unique	9	0	0	1.0
empirical	user_msa	335	336	335	336	unique	9	0	0	1.0
empirical	user_msa	336	337	336	337	unique	9	0	0	1.0
empirical	user_msa	337	338	337	338	unique	9	0	0	1.0
empirical	user_msa	338	339	338	339	unique	9	0	0	1.0
empirical	user_msa	339	340	339	340	unique	9	0	0	1.0
empirical	user_msa	340	341	340	341	unique	9	0	0	1.0
empirical	user_msa	341	342	341	342	unique	9	0	0	1.0
empirical	user_msa	342	343	342	343	unique	9	0	0	1.0
empirical	user_msa	343	344	343	344	unique	9	0	0	1.0
empirical	user_msa	344	345	344	345	unique	9	0	0	1.0
empirical	user_msa	345	346	345	346	unique	9	0	0	1.0
empirical	user_msa	346	347	346	347	unique	9	0	0	1.0
empirical	user_msa	347	348	347	348	unique	9	0	0	1.0
empirical	user_msa	348	349	348	349	unique	9	0	0	1.0
empirical	user_msa	349	350	349	350	unique	9	0	0	1.0
empirical	user_msa	350	351	350	351	unique	9	0	0	1.0
empirical	user_msa	351	352	351	352	unique	9	0	0	1.0
empirical	user_msa	352	353	352	353	unique	9	0	0	1.0
empirical	user_msa	353	354	353	354	unique	9	0	0	1.0
empirical	user_msa	354	355	354	355	unique	9	0	0	1.0
empirical	user_msa	355	356	355	356	unique	9	0	0	1.0
empirical	user_msa	356	357	356	357	unique	9	0	0	1.0
empirical	user_msa	357	358	357	358	unique	9	0	0	1.0
empirical	user_msa	358	359	358	359	unique	9	0	0	1.0
empirical	user_msa	359	360	359	360	unique	9	0	0	1.0
empirical	user_msa	360	361	360	361	unique	9	0	0	1.0
empirical	user_msa	361	362	361	362	unique	9	0	0	1.0
empirical	user_msa	362	363	362	363	unique	9	0	0	1.0
empirical	user_msa	363	364	363	364	unique	9	0	0	1.0
empirical	user_msa	364	365	364	365	unique	9	0	0	1.0
empirical	user_msa	365	366	365	366	unique	9	0	0	1.0
empirical	user_msa	366	367	366	367	unique	9	0	0	1.0
empirical	user_msa	367	368	367	368	unique	9	0	0	1.0
empirical	user_msa	368	369	368	369	unique	9	0	0	1.0
empirical	user_msa	369	370	369	370	unique	9	0	0	1.0
empirical	user_msa	370	371	370	371	unique	9	0	0	1.0
empirical	user_msa	371	372	371	372	unique	9	0	0	1.0
empirical	user_msa	372	373	372	373	unique	9	0	0	1.0
empirical	user_msa	373	374	373	374	unique	9	0	0	1.0
empirical	user_msa	374	375	374	375	unique	9	0	0	1.0
empirical	user_msa	375	376	375	376	unique	9	0	0	1.0
empirical	user_msa	376	377	376	377	unique	9	0	0	1.0
empirical	user_msa	377	378	377	378	unique	9	0	0	1.0
empirical	user_msa	378	379	378	379	unique	9	0	0	1.0
empirical	user_msa	379	380	379	380	unique	9	0	0	1.0
empirical	user_msa	380	381	380	381	unique	9	0	0	1.0
empirical	user_msa	381	382	381	382	unique	9	0	0	1.0
empirical	user_msa	382	383	382	383	unique	9	0	0	1.0
empirical	user_msa	383	384	383	384	unique	9	0	0	1.0
empirical	user_msa	384	385	384	385	unique	9	0	0	1.0
empirical	user_msa	385	386	385	386	unique	9	0	0	1.0
empirical	user_msa	386	387	386	387	unique	9	0	0	1.0
empirical	user_msa	387	388	387	388	unique	9	0	0	1.0
empirical	user_msa	388	389	388	389	unique	9	0	0	1.0
empirical	user_msa	389	390	389	390	unique	9	0	0	1.0
empirical	user_msa	390	391	390	391	unique	9	0	0	1.0
empirical	user_msa	391	392	391	392	unique	9	0	0	1.0
empirical	user_msa	392	393	392	393	unique	9	0	0	1.0
empirical	user_msa	393	394	393	394	unique	9	0	0	1.0
empirical	user_msa	394	395	394	395	unique	9	0	0	1.0
empirical	user_msa	395	396	395	396	unique	9	0	0	1.0
empirical	user_msa	396	397	396	397	unique	9	0	0	1.0
empirical	user_msa	397	398	397	398	unique	9	0	0	1.0
empirical	user_msa	398	399	398	399	unique	9	0	0	1.0
empirical	user_msa	399	400	399	400	unique	9	0	0	1.0
empirical	user_msa	400	401	400	401	unique	9	0	0	1.0
empirical	user_msa	401	402	401	402	unique	9	0	0	1.0
empirical	user_msa	402	403	402	403	unique	9	0	0	1.0
empirical	user_msa	403	404	403	404	unique	9	0	0	1.0
empirical	user_msa	404	405	404	405	unique	9	0	0	1.0
empirical	user_msa	405	406	405	406	unique	9	0	0	1.0
empirical	user_msa	406	407	406	407	unique	9	0	0	1.0
empirical	user_msa	407	408	407	408	unique	9	0	0	1.0
empirical	user_msa	408	409	408	409	unique	9	0	0	1.0
empirical	user_msa	409	410	409	410	unique	9	0	0	1.0
empirical	user_msa	410	411	410	411	unique	9	0	0	1.0
empirical	user_msa	411	412	411	412	unique	9	0	0	1.0
empirical	user_msa	412	413	412	413	unique	9	0	0	1.0
empirical	user_msa	413	414	413	414	unique	9	0	0	1.0
empirical	user_msa	414	415	414	415	unique	7	2	0	1.0
empirical	user_msa	415	416	415	416	unique	7	2	0	1.0
empirical	user_msa	416	417	416	417	unique	7	2	0	1.0
empirical	user_msa	417	418	417	418	unique	7	2	0	1.0
empirical	user_msa	418	419	418	419	unique	7	2	0	1.0
empirical	user_msa	419	420	419	420	unique	7	2	0	1.0
empirical	user_msa	420	421	420	421	unique	7	2	0	1.0
empirical	user_msa	421	422	421	422	unique	7	2	0	1.0
empirical	user_msa	422	423	422	423	unique	7	2	0	1.0
empirical	user_msa	423	424	423	424	unique	7	2	0	1.0
empirical	user_msa	424	425	424	425	unique	8	1	0	1.0
empirical	user_msa	425	426	425	426	unique	8	1	0	1.0
empirical	user_msa	426	427	426	427	unique	8	1	0	1.0
empirical	user_msa	427	428	427	428	unique	8	1	0	1.0
empirical	user_msa	428	429	428	429	unique	8	1	0	1.0
empirical	user_msa	429	430	429	430	unique	8	1	0	1.0
empirical	user_msa	430	431	430	431	unique	8	1	0	1.0
empirical	user_msa	431	432	431	432	unique	8	1	0	1.0
empirical	user_msa	432	433	432	433	unique	8	1	0	1.0
empirical	user_msa	433	434	433	434	unique	8	1	0	1.0
empirical	user_msa	434	435	434	435	unique	8	1	0	1.0
empirical	user_msa	435	436	435	436	unique	8	1	0	1.0
empirical	user_msa	436	437	436	437	unique	8	1	0	1.0
empirical	user_msa	437	438	437	438	unique	8	1	0	1.0
empirical	user_msa	438	439	438	439	unique	8	1	0	1.0
empirical	user_msa	439	440	439	440	unique	8	1	0	1.0
empirical	user_msa	440	441	440	441	unique	8	1	0	1.0
empirical	user_msa	441	442	441	442	unique	8	1	0	1.0
empirical	user_msa	442	443	442	443	unique	9	0	0	1.0
empirical	user_msa	443	444	443	444	unique	9	0	0	1.0
empirical	user_msa	444	445	444	445	unique	9	0	0	1.0
empirical	user_msa	445	446	445	446	unique	9	0	0	1.0
empirical	user_msa	446	447	446	447	unique	9	0	0	1.0
empirical	user_msa	447	448	447	448	unique	9	0	0	1.0
empirical	user_msa	448	449	448	449	unique	9	0	0	1.0
empirical	user_msa	449	450	449	450	unique	9	0	0	1.0
empirical	user_msa	450	451	450	451	unique	9	0	0	1.0
empirical	user_msa	451	452	451	452	unique	9	0	0	1.0
empirical	user_msa	452	453	452	453	unique	9	0	0	1.0
empirical	user_msa	453	454	453	454	unique	9	0	0	1.0
empirical	user_msa	454	455	454	455	unique	9	0	0	1.0
empirical	user_msa	455	456	455	456	unique	9	0	0	1.0
empirical	user_msa	456	457	456	457	unique	9	0	0	1.0
empirical	user_msa	457	458	457	458	unique	9	0	0	1.0
empirical	user_msa	458	459	458	459	unique	9	0	0	1.0
empirical	user_msa	459	460	459	460	unique	9	0	0	1.0
empirical	user_msa	460	461	460	461	unique	9	0	0	1.0
empirical	user_msa	461	462	461	462	unique	9	0	0	1.0
empirical	user_msa	462	463	462	463	unique	9	0	0	1.0
empirical	user_msa	463	464	463	464	unique	9	0	0	1.0
empirical	user_msa	464	465	464	465	unique	9	0	0	1.0
empirical	user_msa	465	466	465	466	unique	9	0	0	1.0
empirical	user_msa	466	467	466	467	unique	9	0	0	1.0
empirical	user_msa	467	468	467	468	unique	9	0	0	1.0
empirical	user_msa	468	469	468	469	unique	9	0	0	1.0
empirical	user_msa	469	470	469	470	unique	9	0	0	1.0
empirical	user_msa	470	471	470	471	unique	9	0	0	1.0
empirical	user_msa	471	472	471	472	unique	9	0	0	1.0
empirical	user_msa	472	473	472	473	unique	9	0	0	1.0
empirical	user_msa	473	474	473	474	unique	9	0	0	1.0
empirical	user_msa	474	475	474	475	unique	9	0	0	1.0
empirical	user_msa	475	476	475	476	unique	9	0	0	1.0
empirical	user_msa	476	477	476	477	unique	9	0	0	1.0
empirical	user_msa	477	478	477	478	unique	9	0	0	1.0
empirical	user_msa	478	479	478	479	unique	9	0	0	1.0
empirical	user_msa	479	480	479	480	unique	9	0	0	1.0
empirical	user_msa	480	481	480	481	unique	9	0	0	1.0
empirical	user_msa	481	482	481	482	unique	9	0	0	1.0
empirical	user_msa	482	483	482	483	unique	9	0	0	1.0
empirical	user_msa	483	484	483	484	unique	9	0	0	1.0
empirical	user_msa	484	485	484	485	unique	9	0	0	1.0
empirical	user_msa	485	486	485	486	unique	9	0	0	1.0
empirical	user_msa	486	487	486	487	unique	9	0	0	1.0
empirical	user_msa	487	488	487	488	unique	9	0	0	1.0
empirical	user_msa	488	489	488	489	unique	9	0	0	1.0
empirical	user_msa	489	490	489	490	unique	9	0	0	1.0
empirical	user_msa	490	491	490	491	unique	9	0	0	1.0
empirical	user_msa	491	492	491	492	unique	9	0	0	1.0
empirical	user_msa	492	493	492	493	unique	9	0	0	1.0
empirical	user_msa	493	494	493	494	unique	9	0	0	1.0
empirical	user_msa	494	495	494	495	unique	9	0	0	1.0
empirical	user_msa	495	496	495	496	unique	9	0	0	1.0
empirical	user_msa	496	497	496	497	unique	9	0	0	1.0
empirical	user_msa	497	498	497	498	unique	9	0	0	1.0
empirical	user_msa	498	499	498	499	unique	9	0	0	1.0
empirical	user_msa	499	500	499	500	unique	9	0	0	1.0
empirical	user_msa	500	501	500	501	unique	9	0	0	1.0
empirical	user_msa	501	502	501	502	unique	9	0	0	1.0
empirical	user_msa	502	503	502	503	unique	9	0	0	1.0
empirical	user_msa	503	504	503	504	unique	9	0	0	1.0
empirical	user_msa	504	505	504	505	unique	9	0	0	1.0
empirical	user_msa	505	506	505	506	unique	9	0	0	1.0
empirical	user_msa	506	507	506	507	unique	9	0	0	1.0
empirical	user_msa	507	508	507	508	unique	9	0	0	1.0
empirical	user_msa	508	509	508	509	unique	9	0	0	1.0
empirical	user_msa	509	510	509	510	unique	9	0	0	1.0
empirical	user_msa	510	511	510	511	unique	9	0	0	1.0
empirical	user_msa	511	512	511	512	unique	9	0	0	1.0
empirical	user_msa	512	513	512	513	unique	9	0	0	1.0
empirical	user_msa	513	514	513	514	unique	9	0	0	1.0
empirical	user_msa	514	515	514	515	unique	9	0	0	1.0
empirical	user_msa	515	516	515	516	unique	9	0	0	1.0
empirical	user_msa	516	517	516	517	unique	9	0	0	1.0
empirical	user_msa	517	518	517	518	unique	9	0	0	1.0
empirical	user_msa	518	519	518	519	unique	9	0	0	1.0
empirical	user_msa	519	520	519	520	unique	9	0	0	1.0
empirical	user_msa	520	521	520	521	unique	9	0	0	1.0
empirical	user_msa	521	522	521	522	unique	9	0	0	1.0
empirical	user_msa	522	523	522	523	unique	9	0	0	1.0
empirical	user_msa	523	524	523	524	unique	9	0	0	1.0
empirical	user_msa	524	525	524	525	unique	9	0	0	1.0
empirical	user_msa	525	526	525	526	unique	9	0	0	1.0
empirical	user_msa	526	527	526	527	unique	9	0	0	1.0
empirical	user_msa	527	528	527	528	unique	9	0	0	1.0
empirical	user_msa	528	529	528	529	unique	9	0	0	1.0
empirical	user_msa	529	530	529	530	unique	9	0	0	1.0
empirical	user_msa	530	531	530	531	unique	9	0	0	1.0
empirical	user_msa	531	532	531	532	unique	9	0	0	1.0
empirical	user_msa	532	533	532	533	unique	9	0	0	1.0
empirical	user_msa	533	534	533	534	unique	9	0	0	1.0
empirical	user_msa	534	535	534	535	unique	9	0	0	1.0
empirical	user_msa	535	536	535	536	unique	9	0	0	1.0
empirical	user_msa	536	537	536	537	unique	9	0	0	1.0
empirical	user_msa	537	538	537	538	unique	9	0	0	1.0
empirical	user_msa	538	539	538	539	unique	9	0	0	1.0
empirical	user_msa	539	540	539	540	unique	9	0	0	1.0
empirical	user_msa	540	541	540	541	unique	9	0	0	1.0
empirical	user_msa	541	542	541	542	unique	9	0	0	1.0
empirical	user_msa	542	543	542	543	unique	9	0	0	1.0
empirical	user_msa	543	544	543	544	unique	9	0	0	1.0
empirical	user_msa	544	545	544	545	unique	9	0	0	1.0
empirical	user_msa	545	546	545	546	unique	9	0	0	1.0
empirical	user_msa	546	547	546	547	unique	9	0	0	1.0
empirical	user_msa	547	548	547	548	unique	9	0	0	1.0
empirical	user_msa	548	549	548	549	unique	9	0	0	1.0
empirical	user_msa	549	550	549	550	unique	9	0	0	1.0
empirical	user_msa	550	551	550	551	unique	9	0	0	1.0
empirical	user_msa	551	552	551	552	unique	9	0	0	1.0
empirical	user_msa	552	553	552	553	unique	9	0	0	1.0
empirical	user_msa	553	554	553	554	unique	9	0	0	1.0
empirical	user_msa	554	555	554	555	unique	9	0	0	1.0
empirical	user_msa	555	556	555	556	unique	9	0	0	1.0
empirical	user_msa	556	557	556	557	unique	9	0	0	1.0
empirical	user_msa	557	558	557	558	unique	9	0	0	1.0
empirical	user_msa	558	559	558	559	unique	9	0	0	1.0
empirical	user_msa	559	560	559	560	unique	9	0	0	1.0
empirical	user_msa	560	561	560	561	unique	9	0	0	1.0
empirical	user_msa	561	562	561	562	unique	9	0	0	1.0
empirical	user_msa	562	563	562	563	unique	9	0	0	1.0
empirical	user_msa	563	564	563	564	unique	9	0	0	1.0
empirical	user_msa	564	565	564	565	unique	9	0	0	1.0
empirical	user_msa	565	566	565	566	unique	9	0	0	1.0
empirical	user_msa	566	567	566	567	unique	9	0	0	1.0
empirical	user_msa	567	568	567	568	unique	9	0	0	1.0
empirical	user_msa	568	569	568	569	unique	9	0	0	1.0
empirical	user_msa	569	570	569	570	unique	9	0	0	1.0
empirical	user_msa	570	571	570	571	unique	9	0	0	1.0
empirical	user_msa	571	572	571	572	unique	9	0	0	1.0
empirical	user_msa	572	573	572	573	unique	9	0	0	1.0
empirical	user_msa	573	574	573	574	unique	9	0	0	1.0
empirical	user_msa	574	575	574	575	unique	9	0	0	1.0
empirical	user_msa	575	576	575	576	unique	9	0	0	1.0
empirical	user_msa	576	577	576	577	unique	9	0	0	1.0
empirical	user_msa	577	578	577	578	unique	9	0	0	1.0
empirical	user_msa	578	579	578	579	unique	9	0	0	1.0
empirical	user_msa	579	580	579	580	unique	9	0	0	1.0
empirical	user_msa	580	581	580	581	unique	9	0	0	1.0
empirical	user_msa	581	582	581	582	unique	9	0	0	1.0
empirical	user_msa	582	583	582	583	unique	9	0	0	1.0
empirical	user_msa	583	584	583	584	unique	9	0	0	1.0
empirical	user_msa	584	585	584	585	unique	9	0	0	1.0
empirical	user_msa	585	586	585	586	unique	9	0	0	1.0
empirical	user_msa	586	587	586	587	unique	9	0	0	1.0
empirical	user_msa	587	588	587	588	unique	9	0	0	1.0
empirical	user_msa	588	589	588	589	unique	9	0	0	1.0
empirical	user_msa	589	590	589	590	unique	9	0	0	1.0
empirical	user_msa	590	591	590	591	unique	9	0	0	1.0
empirical	user_msa	591	592	591	592	unique	9	0	0	1.0
empirical	user_msa	592	593	592	593	unique	9	0	0	1.0
empirical	user_msa	593	594	593	594	unique	9	0	0	1.0
empirical	user_msa	594	595	594	595	unique	9	0	0	1.0
empirical	user_msa	595	596	595	596	unique	9	0	0	1.0
empirical	user_msa	596	597	596	597	unique	9	0	0	1.0
empirical	user_msa	597	598	597	598	unique	9	0	0	1.0
empirical	user_msa	598	599	598	599	unique	9	0	0	1.0
empirical	user_msa	599	600	599	600	unique	9	0	0	1.0
empirical	user_msa	600	601	600	601	unique	9	0	0	1.0
empirical	user_msa	601	602	601	602	unique	9	0	0	1.0
empirical	user_msa	602	603	602	603	unique	9	0	0	1.0
empirical	user_msa	603	604	603	604	unique	9	0	0	1.0
empirical	user_msa	604	605	604	605	unique	9	0	0	1.0
empirical	user_msa	605	606	605	606	unique	9	0	0	1.0
empirical	user_msa	606	607	606	607	unique	9	0	0	1.0
empirical	user_msa	607	608	607	608	unique	9	0	0	1.0
empirical	user_msa	608	609	608	609	unique	9	0	0	1.0
empirical	user_msa	609	610	609	610	unique	9	0	0	1.0
empirical	user_msa	610	611	610	611	unique	9	0	0	1.0
empirical	user_msa	611	612	611	612	unique	9	0	0	1.0
empirical	user_msa	612	613	612	613	unique	9	0	0	1.0
empirical	user_msa	613	614	613	614	unique	9	0	0	1.0
empirical	user_msa	614	615	614	615	unique	9	0	0	1.0
empirical	user_msa	615	616	615	616	unique	9	0	0	1.0
empirical	user_msa	616	617	616	617	unique	9	0	0	1.0
empirical	user_msa	617	618	617	618	unique	9	0	0	1.0
empirical	user_msa	618	619	618	619	unique	9	0	0	1.0
empirical	user_msa	619	620	619	620	unique	9	0	0	1.0
empirical	user_msa	620	621	620	621	unique	9	0	0	1.0
empirical	user_msa	621	622	621	622	unique	9	0	0	1.0
empirical	user_msa	622	623	622	623	unique	9	0	0	1.0
empirical	user_msa	623	624	623	624	unique	9	0	0	1.0
empirical	user_msa	624	625	624	625	unique	9	0	0	1.0
empirical	user_msa	625	626	625	626	unique	9	0	0	1.0
empirical	user_msa	626	627	626	627	unique	9	0	0	1.0
empirical	user_msa	627	628	627	628	unique	9	0	0	1.0
empirical	user_msa	628	629	628	629	unique	9	0	0	1.0
empirical	user_msa	629	630	629	630	unique	9	0	0	1.0
empirical	user_msa	630	631	630	631	unique	9	0	0	1.0
empirical	user_msa	631	632	631	632	unique	9	0	0	1.0
empirical	user_msa	632	633	632	633	unique	9	0	0	1.0
empirical	user_msa	633	634	633	634	unique	9	0	0	1.0
empirical	user_msa	634	635	634	635	unique	9	0	0	1.0
empirical	user_msa	635	636	635	636	unique	9	0	0	1.0
empirical	user_msa	636	637	636	637	unique	9	0	0	1.0
empirical	user_msa	637	638	637	638	unique	9	0	0	1.0
empirical	user_msa	638	639	638	639	unique	9	0	0	1.0
empirical	user_msa	639	640	639	640	unique	9	0	0	1.0
empirical	user_msa	640	641	640	641	unique	9	0	0	1.0
empirical	user_msa	641	642	641	642	unique	9	0	0	1.0
empirical	user_msa	642	643	642	643	unique	9	0	0	1.0
empirical	user_msa	643	644	643	644	unique	9	0	0	1.0
empirical	user_msa	644	645	644	645	unique	9	0	0	1.0
empirical	user_msa	645	646	645	646	unique	9	0	0	1.0
empirical	user_msa	646	647	646	647	unique	9	0	0	1.0
empirical	user_msa	647	648	647	648	unique	9	0	0	1.0
empirical	user_msa	648	649	648	649	unique	9	0	0	1.0
empirical	user_msa	649	650	649	650	unique	9	0	0	1.0
empirical	user_msa	650	651	650	651	unique	9	0	0	1.0
empirical	user_msa	651	652	651	652	unique	9	0	0	1.0
empirical	user_msa	652	653	652	653	unique	9	0	0	1.0
empirical	user_msa	653	654	653	654	unique	9	0	0	1.0
empirical	user_msa	654	655	654	655	unique	9	0	0	1.0
empirical	user_msa	655	656	655	656	unique	9	0	0	1.0
empirical	user_msa	656	657	656	657	unique	9	0	0	1.0
empirical	user_msa	657	658	657	658	unique	9	0	0	1.0
empirical	user_msa	658	659	658	659	unique	9	0	0	1.0
empirical	user_msa	659	660	659	660	unique	9	0	0	1.0
empirical	user_msa	660	661	660	661	unique	9	0	0	1.0
empirical	user_msa	661	662	661	662	unique	9	0	0	1.0
empirical	user_msa	662	663	662	663	unique	9	0	0	1.0
empirical	user_msa	663	664	663	664	unique	9	0	0	1.0
empirical	user_msa	664	665	664	665	unique	9	0	0	1.0
empirical	user_msa	665	666	665	666	unique	9	0	0	1.0
empirical	user_msa	666	667	666	667	unique	9	0	0	1.0
empirical	user_msa	667	668	667	668	unique	9	0	0	1.0
empirical	user_msa	668	669	668	669	unique	9	0	0	1.0
empirical	user_msa	669	670	669	670	unique	9	0	0	1.0
empirical	user_msa	670	671	670	671	unique	9	0	0	1.0
empirical	user_msa	671	672	671	672	unique	9	0	0	1.0
empirical	user_msa	672	673	672	673	unique	9	0	0	1.0
empirical	user_msa	673	674	673	674	unique	9	0	0	1.0
empirical	user_msa	674	675	674	675	unique	9	0	0	1.0
empirical	user_msa	675	676	675	676	unique	9	0	0	1.0
empirical	user_msa	676	677	676	677	unique	9	0	0	1.0
empirical	user_msa	677	678	677	678	unique	9	0	0	1.0
empirical	user_msa	678	679	678	679	unique	9	0	0	1.0
empirical	user_msa	679	680	679	680	unique	9	0	0	1.0
empirical	user_msa	680	681	680	681	unique	9	0	0	1.0
empirical	user_msa	681	682	681	682	unique	9	0	0	1.0
empirical	user_msa	682	683	682	683	unique	9	0	0	1.0
empirical	user_msa	683	684	683	684	unique	9	0	0	1.0
empirical	user_msa	684	685	684	685	unique	9	0	0	1.0
empirical	user_msa	685	686	685	686	unique	9	0	0	1.0
empirical	user_msa	686	687	686	687	unique	9	0	0	1.0
empirical	user_msa	687	688	687	688	unique	9	0	0	1.0
empirical	user_msa	688	689	688	689	unique	9	0	0	1.0
empirical	user_msa	689	690	689	690	unique	9	0	0	1.0
empirical	user_msa	690	691	690	691	unique	9	0	0	1.0
empirical	user_msa	691	692	691	692	unique	8	1	0	1.0
empirical	user_msa	692	693	692	693	unique	9	0	0	1.0
empirical	user_msa	693	694	693	694	unique	9	0	0	1.0
empirical	user_msa	694	695	694	695	unique	9	0	0	1.0
empirical	user_msa	695	696	695	696	unique	9	0	0	1.0
empirical	user_msa	696	697	696	697	unique	9	0	0	1.0
empirical	user_msa	697	698	697	698	unique	9	0	0	1.0
empirical	user_msa	698	699	698	699	unique	8	1	0	1.0
empirical	user_msa	699	700	699	700	unique	8	1	0	1.0
empirical	user_msa	700	701	700	701	unique	8	1	0	1.0
empirical	user_msa	701	702	701	702	unique	8	1	0	1.0
empirical	user_msa	702	703	702	703	unique	8	1	0	1.0
empirical	user_msa	703	704	703	704	unique	8	1	0	1.0
empirical	user_msa	704	705	704	705	unique	8	1	0	1.0
empirical	user_msa	705	706	705	706	unique	8	1	0	1.0
empirical	user_msa	706	707	706	707	unique	8	1	0	1.0
empirical	user_msa	707	708	707	708	unique	8	1	0	1.0
empirical	user_msa	708	709	708	709	unique	8	1	0	1.0
empirical	user_msa	709	710	709	710	unique	8	1	0	1.0
empirical	user_msa	710	711	710	711	unique	8	1	0	1.0
empirical	user_msa	711	712	711	712	unique	8	1	0	1.0
empirical	user_msa	712	713	712	713	unique	8	1	0	1.0
empirical	user_msa	713	714	713	714	unique	8	1	0	1.0
empirical	user_msa	714	715	714	715	unique	8	1	0	1.0
empirical	user_msa	715	716	715	716	unique	8	1	0	1.0
empirical	user_msa	716	717	716	717	unique	8	1	0	1.0
empirical	user_msa	717	718	717	718	unique	8	1	0	1.0
empirical	user_msa	718	719	718	719	unique	8	1	0	1.0
empirical	user_msa	719	720	719	720	unique	8	1	0	1.0
empirical	user_msa	720	721	720	721	unique	8	1	0	1.0
empirical	user_msa	721	722	721	722	unique	9	0	0	1.0
empirical	user_msa	722	723	722	723	unique	9	0	0	1.0
empirical	user_msa	723	724	723	724	unique	9	0	0	1.0
empirical	user_msa	724	725	724	725	unique	9	0	0	1.0
empirical	user_msa	725	726	725	726	unique	9	0	0	1.0
empirical	user_msa	726	727	726	727	unique	9	0	0	1.0
empirical	user_msa	727	728	727	728	unique	9	0	0	1.0
empirical	user_msa	728	729	728	729	unique	8	1	0	1.0
empirical	user_msa	729	730	729	730	unique	8	1	0	1.0
empirical	user_msa	730	731	730	731	unique	8	1	0	1.0
empirical	user_msa	731	732	731	732	unique	8	1	0	1.0
empirical	user_msa	732	733	732	733	unique	8	1	0	1.0
empirical	user_msa	733	734	733	734	unique	8	1	0	1.0
empirical	user_msa	734	735	734	735	unique	8	1	0	1.0
empirical	user_msa	735	736	735	736	unique	8	1	0	1.0
empirical	user_msa	736	737	736	737	unique	8	1	0	1.0
empirical	user_msa	737	738	737	738	unique	8	1	0	1.0
empirical	user_msa	738	739	738	739	unique	8	1	0	1.0
empirical	user_msa	739	740	739	740	unique	9	0	0	1.0
empirical	user_msa	740	741	740	741	unique	9	0	0	1.0
empirical	user_msa	741	742	741	742	unique	9	0	0	1.0
empirical	user_msa	742	743	742	743	unique	9	0	0	1.0
empirical	user_msa	743	744	743	744	unique	9	0	0	1.0
empirical	user_msa	744	745	744	745	unique	9	0	0	1.0
empirical	user_msa	745	746	745	746	unique	9	0	0	1.0
empirical	user_msa	746	747	746	747	unique	9	0	0	1.0
empirical	user_msa	747	748	747	748	unique	9	0	0	1.0
empirical	user_msa	748	749	748	749	unique	9	0	0	1.0
empirical	user_msa	749	750	749	750	unique	9	0	0	1.0
empirical	user_msa	750	751	750	751	unique	9	0	0	1.0
empirical	user_msa	751	752	751	752	unique	9	0	0	1.0
empirical	user_msa	752	753	752	753	unique	9	0	0	1.0
empirical	user_msa	753	754	753	754	unique	9	0	0	1.0
empirical	user_msa	754	755	754	755	unique	9	0	0	1.0
empirical	user_msa	755	756	755	756	unique	9	0	0	1.0
empirical	user_msa	756	757	756	757	unique	9	0	0	1.0
empirical	user_msa	757	758	757	758	unique	9	0	0	1.0
empirical	user_msa	758	759	758	759	unique	9	0	0	1.0
empirical	user_msa	759	760	759	760	unique	9	0	0	1.0
empirical	user_msa	760	761	760	761	unique	9	0	0	1.0
empirical	user_msa	761	762	761	762	unique	9	0	0	1.0
empirical	user_msa	762	763	762	763	unique	9	0	0	1.0
empirical	user_msa	763	764	763	764	unique	9	0	0	1.0
empirical	user_msa	764	765	764	765	unique	9	0	0	1.0
empirical	user_msa	765	766	765	766	unique	9	0	0	1.0
empirical	user_msa	766	767	766	767	unique	9	0	0	1.0
empirical	user_msa	767	768	767	768	unique	9	0	0	1.0
empirical	user_msa	768	769	768	769	unique	9	0	0	1.0
empirical	user_msa	769	770	769	770	unique	9	0	0	1.0
empirical	user_msa	770	771	770	771	unique	9	0	0	1.0
empirical	user_msa	771	772	771	772	unique	9	0	0	1.0
empirical	user_msa	772	773	772	773	unique	9	0	0	1.0
empirical	user_msa	773	774	773	774	unique	9	0	0	1.0
empirical	user_msa	774	775	774	775	unique	9	0	0	1.0
empirical	user_msa	775	776	775	776	unique	9	0	0	1.0
empirical	user_msa	776	777	776	777	unique	9	0	0	1.0
empirical	user_msa	777	778	777	778	unique	9	0	0	1.0
empirical	user_msa	778	779	778	779	unique	9	0	0	1.0
empirical	user_msa	779	780	779	780	unique	9	0	0	1.0
empirical	user_msa	780	781	780	781	unique	9	0	0	1.0
empirical	user_msa	781	782	781	782	unique	9	0	0	1.0
empirical	user_msa	782	783	782	783	unique	9	0	0	1.0
empirical	user_msa	783	784	783	784	unique	9	0	0	1.0
empirical	user_msa	784	785	784	785	unique	9	0	0	1.0
empirical	user_msa	785	786	785	786	unique	9	0	0	1.0
empirical	user_msa	786	787	786	787	unique	9	0	0	1.0
empirical	user_msa	787	788	787	788	unique	9	0	0	1.0
empirical	user_msa	788	789	788	789	unique	9	0	0	1.0
empirical	user_msa	789	790	789	790	unique	9	0	0	1.0
empirical	user_msa	790	791	790	791	unique	9	0	0	1.0
empirical	user_msa	791	792	791	792	unique	9	0	0	1.0
empirical	user_msa	792	793	792	793	unique	9	0	0	1.0
empirical	user_msa	793	794	793	794	unique	9	0	0	1.0
empirical	user_msa	794	795	794	795	unique	9	0	0	1.0
empirical	user_msa	795	796	795	796	unique	9	0	0	1.0
empirical	user_msa	796	797	796	797	unique	9	0	0	1.0
empirical	user_msa	797	798	797	798	unique	9	0	0	1.0
empirical	user_msa	798	799	798	799	unique	9	0	0	1.0
empirical	user_msa	799	800	799	800	unique	9	0	0	1.0
empirical	user_msa	800	801	800	801	unique	9	0	0	1.0
empirical	user_msa	801	802	801	802	unique	9	0	0	1.0
empirical	user_msa	802	803	802	803	unique	9	0	0	1.0
empirical	user_msa	803	804	803	804	unique	9	0	0	1.0
empirical	user_msa	804	805	804	805	unique	9	0	0	1.0
empirical	user_msa	805	806	805	806	unique	9	0	0	1.0
empirical	user_msa	806	807	806	807	unique	9	0	0	1.0
empirical	user_msa	807	808	807	808	unique	9	0	0	1.0
empirical	user_msa	808	809	808	809	unique	9	0	0	1.0
empirical	user_msa	809	810	809	810	unique	9	0	0	1.0
empirical	user_msa	810	811	810	811	unique	9	0	0	1.0
empirical	user_msa	811	812	811	812	unique	9	0	0	1.0
empirical	user_msa	812	813	812	813	unique	9	0	0	1.0
empirical	user_msa	813	814	813	814	unique	9	0	0	1.0
empirical	user_msa	814	815	814	815	unique	9	0	0	1.0
empirical	user_msa	815	816	815	816	unique	9	0	0	1.0
empirical	user_msa	816	817	816	817	unique	9	0	0	1.0
empirical	user_msa	817	818	817	818	unique	9	0	0	1.0
empirical	user_msa	818	819	818	819	unique	9	0	0	1.0
empirical	user_msa	819	820	819	820	unique	9	0	0	1.0
empirical	user_msa	820	821	820	821	unique	9	0	0	1.0
empirical	user_msa	821	822	821	822	unique	9	0	0	1.0
empirical	user_msa	822	823	822	823	unique	9	0	0	1.0
empirical	user_msa	823	824	823	824	unique	9	0	0	1.0
empirical	user_msa	824	825	824	825	unique	9	0	0	1.0
empirical	user_msa	825	826	825	826	unique	9	0	0	1.0
empirical	user_msa	826	827	826	827	unique	9	0	0	1.0
empirical	user_msa	827	828	827	828	unique	9	0	0	1.0
empirical	user_msa	828	829	828	829	unique	9	0	0	1.0
empirical	user_msa	829	830	829	830	unique	9	0	0	1.0
empirical	user_msa	830	831	830	831	unique	9	0	0	1.0
empirical	user_msa	831	832	831	832	unique	9	0	0	1.0
empirical	user_msa	832	833	832	833	unique	9	0	0	1.0
empirical	user_msa	833	834	833	834	unique	9	0	0	1.0
empirical	user_msa	834	835	834	835	unique	9	0	0	1.0
empirical	user_msa	835	836	835	836	unique	9	0	0	1.0
empirical	user_msa	836	837	836	837	unique	9	0	0	1.0
empirical	user_msa	837	838	837	838	unique	9	0	0	1.0
empirical	user_msa	838	839	838	839	unique	9	0	0	1.0
empirical	user_msa	839	840	839	840	unique	9	0	0	1.0
empirical	user_msa	840	841	840	841	unique	9	0	0	1.0
empirical	user_msa	841	842	841	842	unique	9	0	0	1.0
empirical	user_msa	842	843	842	843	unique	9	0	0	1.0
empirical	user_msa	843	844	843	844	unique	9	0	0	1.0
empirical	user_msa	844	845	844	845	unique	9	0	0	1.0
empirical	user_msa	845	846	845	846	unique	9	0	0	1.0
empirical	user_msa	846	847	846	847	unique	9	0	0	1.0
empirical	user_msa	847	848	847	848	unique	9	0	0	1.0
empirical	user_msa	848	849	848	849	unique	9	0	0	1.0
empirical	user_msa	849	850	849	850	unique	9	0	0	1.0
empirical	user_msa	850	851	850	851	unique	9	0	0	1.0
empirical	user_msa	851	852	851	852	unique	9	0	0	1.0
empirical	user_msa	852	853	852	853	unique	9	0	0	1.0
empirical	user_msa	853	854	853	854	unique	9	0	0	1.0
empirical	user_msa	854	855	854	855	unique	9	0	0	1.0
empirical	user_msa	855	856	855	856	unique	9	0	0	1.0
empirical	user_msa	856	857	856	857	unique	9	0	0	1.0
empirical	user_msa	857	858	857	858	unique	9	0	0	1.0
empirical	user_msa	858	859	858	859	unique	9	0	0	1.0
empirical	user_msa	859	860	859	860	unique	9	0	0	1.0
empirical	user_msa	860	861	860	861	unique	9	0	0	1.0
empirical	user_msa	861	862	861	862	unique	9	0	0	1.0
empirical	user_msa	862	863	862	863	unique	9	0	0	1.0
empirical	user_msa	863	864	863	864	unique	9	0	0	1.0
empirical	user_msa	864	865	864	865	unique	9	0	0	1.0
empirical	user_msa	865	866	865	866	unique	9	0	0	1.0
empirical	user_msa	866	867	866	867	unique	9	0	0	1.0
empirical	user_msa	867	868	867	868	unique	9	0	0	1.0
empirical	user_msa	868	869	868	869	unique	9	0	0	1.0
empirical	user_msa	869	870	869	870	unique	9	0	0	1.0
empirical	user_msa	870	871	870	871	unique	9	0	0	1.0
empirical	user_msa	871	872	871	872	unique	9	0	0	1.0
empirical	user_msa	872	873	872	873	unique	9	0	0	1.0
empirical	user_msa	873	874	873	874	unique	9	0	0	1.0
empirical	user_msa	874	875	874	875	unique	9	0	0	1.0
empirical	user_msa	875	876	875	876	unique	9	0	0	1.0
empirical	user_msa	876	877	876	877	unique	9	0	0	1.0
empirical	user_msa	877	878	877	878	unique	9	0	0	1.0
empirical	user_msa	878	879	878	879	unique	9	0	0	1.0
empirical	user_msa	879	880	879	880	unique	9	0	0	1.0
empirical	user_msa	880	881	880	881	unique	9	0	0	1.0
empirical	user_msa	881	882	881	882	unique	9	0	0	1.0
empirical	user_msa	882	883	882	883	unique	9	0	0	1.0
empirical	user_msa	883	884	883	884	unique	9	0	0	1.0
empirical	user_msa	884	885	884	885	unique	9	0	0	1.0
empirical	user_msa	885	886	885	886	unique	9	0	0	1.0
empirical	user_msa	886	887	886	887	unique	9	0	0	1.0
empirical	user_msa	887	888	887	888	unique	9	0	0	1.0
empirical	user_msa	888	889	888	889	unique	9	0	0	1.0
empirical	user_msa	889	890	889	890	unique	9	0	0	1.0
empirical	user_msa	890	891	890	891	unique	9	0	0	1.0
empirical	user_msa	891	892	891	892	unique	9	0	0	1.0
empirical	user_msa	892	893	892	893	unique	9	0	0	1.0
empirical	user_msa	893	894	893	894	unique	9	0	0	1.0
empirical	user_msa	894	895	894	895	unique	9	0	0	1.0
empirical	user_msa	895	896	895	896	unique	9	0	0	1.0
empirical	user_msa	896	897	896	897	unique	9	0	0	1.0
empirical	user_msa	897	898	897	898	unique	9	0	0	1.0
empirical	user_msa	898	899	898	899	unique	9	0	0	1.0
empirical	user_msa	899	900	899	900	unique	9	0	0	1.0
empirical	user_msa	900	901	900	901	unique	9	0	0	1.0
empirical	user_msa	901	902	901	902	unique	9	0	0	1.0
empirical	user_msa	902	903	902	903	unique	9	0	0	1.0
empirical	user_msa	903	904	903	904	unique	9	0	0	1.0
empirical	user_msa	904	905	904	905	unique	9	0	0	1.0
empirical	user_msa	905	906	905	906	unique	9	0	0	1.0
empirical	user_msa	906	907	906	907	unique	9	0	0	1.0
empirical	user_msa	907	908	907	908	unique	9	0	0	1.0
empirical	user_msa	908	909	908	909	unique	9	0	0	1.0
empirical	user_msa	909	910	909	910	unique	9	0	0	1.0
empirical	user_msa	910	911	910	911	unique	9	0	0	1.0
empirical	user_msa	911	912	911	912	unique	9	0	0	1.0
empirical	user_msa	912	913	912	913	unique	9	0	0	1.0
empirical	user_msa	913	914	913	914	unique	9	0	0	1.0
empirical	user_msa	914	915	914	915	unique	9	0	0	1.0
empirical	user_msa	915	916	915	916	unique	9	0	0	1.0
empirical	user_msa	916	917	916	917	unique	9	0	0	1.0
empirical	user_msa	917	918	917	918	unique	9	0	0	1.0
empirical	user_msa	918	919	918	919	unique	9	0	0	1.0
empirical	user_msa	919	920	919	920	unique	9	0	0	1.0
empirical	user_msa	920	921	920	921	unique	9	0	0	1.0
empirical	user_msa	921	922	921	922	unique	9	0	0	1.0
empirical	user_msa	922	923	922	923	unique	9	0	0	1.0
empirical	user_msa	923	924	923	924	unique	9	0	0	1.0
empirical	user_msa	924	925	924	925	unique	9	0	0	1.0
empirical	user_msa	925	926	925	926	unique	9	0	0	1.0
empirical	user_msa	926	927	926	927	unique	9	0	0	1.0
empirical	user_msa	927	928	927	928	unique	9	0	0	1.0
empirical	user_msa	928	929	928	929	unique	9	0	0	1.0
empirical	user_msa	929	930	929	930	unique	9	0	0	1.0
empirical	user_msa	930	931	930	931	unique	9	0	0	1.0
empirical	user_msa	931	932	931	932	unique	9	0	0	1.0
empirical	user_msa	932	933	932	933	unique	9	0	0	1.0
empirical	user_msa	933	934	933	934	unique	9	0	0	1.0
empirical	user_msa	934	935	934	935	unique	9	0	0	1.0
empirical	user_msa	935	936	935	936	unique	9	0	0	1.0
empirical	user_msa	936	937	936	937	unique	9	0	0	1.0
empirical	user_msa	937	938	937	938	unique	9	0	0	1.0
empirical	user_msa	938	939	938	939	unique	9	0	0	1.0
empirical	user_msa	939	940	939	940	unique	9	0	0	1.0
empirical	user_msa	940	941	940	941	unique	9	0	0	1.0
empirical	user_msa	941	942	941	942	unique	9	0	0	1.0
empirical	user_msa	942	943	942	943	unique	9	0	0	1.0
empirical	user_msa	943	944	943	944	unique	9	0	0	1.0
empirical	user_msa	944	945	944	945	unique	9	0	0	1.0
empirical	user_msa	945	946	945	946	unique	9	0	0	1.0
empirical	user_msa	946	947	946	947	unique	9	0	0	1.0
empirical	user_msa	947	948	947	948	unique	9	0	0	1.0
empirical	user_msa	948	949	948	949	unique	9	0	0	1.0
