path	type	size_bytes	size_human	category	recommendation	reason	reproducible	important
.pytest_cache	dir	36435	35.6K	logs_caches_temp	remove	cache/log/temp artifact	yes	no
.pytest_cache/.gitignore	file	37	37B	logs_caches_temp	remove	cache/log/temp artifact	yes	no
.pytest_cache/CACHEDIR.TAG	file	191	191B	logs_caches_temp	remove	cache/log/temp artifact	yes	no
.pytest_cache/README.md	file	302	302B	logs_caches_temp	remove	cache/log/temp artifact	yes	no
.pytest_cache/v	dir	35905	35.1K	logs_caches_temp	remove	cache/log/temp artifact	yes	no
.pytest_cache/v/cache	dir	35905	35.1K	logs_caches_temp	remove	cache/log/temp artifact	yes	no
.pytest_cache/v/cache/nodeids	file	35905	35.1K	logs_caches_temp	remove	cache/log/temp artifact	yes	no
src/babappa/__pycache__/__init__.cpython-311.pyc	file	247	247B	logs_caches_temp	remove	cache/log/temp artifact	yes	no
src/babappa/__pycache__/cli.cpython-311.pyc	file	454538	443.9K	logs_caches_temp	remove	cache/log/temp artifact	yes	no
src/babappa/__pycache__/leakage_policy.cpython-311.pyc	file	2723	2.7K	logs_caches_temp	remove	cache/log/temp artifact	yes	no
src/babappa/align/__pycache__/__init__.cpython-311.pyc	file	1512	1.5K	logs_caches_temp	remove	cache/log/temp artifact	yes	no
src/babappa/align/__pycache__/audit.cpython-311.pyc	file	9917	9.7K	logs_caches_temp	remove	cache/log/temp artifact	yes	no
src/babappa/align/__pycache__/backends.cpython-311.pyc	file	14201	13.9K	logs_caches_temp	remove	cache/log/temp artifact	yes	no
src/babappa/align/__pycache__/ensemble.cpython-311.pyc	file	14562	14.2K	logs_caches_temp	remove	cache/log/temp artifact	yes	no
src/babappa/align/__pycache__/external.cpython-311.pyc	file	55415	54.1K	logs_caches_temp	remove	cache/log/temp artifact	yes	no
src/babappa/align/__pycache__/method_policy.cpython-311.pyc	file	20793	20.3K	logs_caches_temp	remove	cache/log/temp artifact	yes	no
src/babappa/align/__pycache__/site_map.cpython-311.pyc	file	27760	27.1K	logs_caches_temp	remove	cache/log/temp artifact	yes	no
src/babappa/align/__pycache__/site_map_audit.cpython-311.pyc	file	14447	14.1K	logs_caches_temp	remove	cache/log/temp artifact	yes	no
src/babappa/benchmarks/__pycache__/__init__.cpython-311.pyc	file	1627	1.6K	logs_caches_temp	remove	cache/log/temp artifact	yes	no
src/babappa/benchmarks/__pycache__/external_aligner_validation_plan.cpython-311.pyc	file	59028	57.6K	logs_caches_temp	remove	cache/log/temp artifact	yes	no
src/babappa/benchmarks/__pycache__/large_run_plan.cpython-311.pyc	file	26001	25.4K	logs_caches_temp	remove	cache/log/temp artifact	yes	no
src/babappa/benchmarks/__pycache__/large_run_plan_audit.cpython-311.pyc	file	5292	5.2K	logs_caches_temp	remove	cache/log/temp artifact	yes	no
src/babappa/benchmarks/__pycache__/saturation_panel.cpython-311.pyc	file	13386	13.1K	logs_caches_temp	remove	cache/log/temp artifact	yes	no
src/babappa/benchmarks/__pycache__/saturation_panel_audit.cpython-311.pyc	file	6022	5.9K	logs_caches_temp	remove	cache/log/temp artifact	yes	no
src/babappa/benchmarks/__pycache__/stability.cpython-311.pyc	file	18014	17.6K	logs_caches_temp	remove	cache/log/temp artifact	yes	no
src/babappa/benchmarks/__pycache__/stability_audit.cpython-311.pyc	file	4093	4.0K	logs_caches_temp	remove	cache/log/temp artifact	yes	no
src/babappa/branch/__pycache__/__init__.cpython-311.pyc	file	5508	5.4K	logs_caches_temp	remove	cache/log/temp artifact	yes	no
src/babappa/branch/__pycache__/aggregation.cpython-311.pyc	file	21488	21.0K	logs_caches_temp	remove	cache/log/temp artifact	yes	no
src/babappa/branch/__pycache__/audit.cpython-311.pyc	file	9072	8.9K	logs_caches_temp	remove	cache/log/temp artifact	yes	no
src/babappa/branch/__pycache__/baseline.cpython-311.pyc	file	19390	18.9K	logs_caches_temp	remove	cache/log/temp artifact	yes	no
src/babappa/branch/__pycache__/calibration.cpython-311.pyc	file	22743	22.2K	logs_caches_temp	remove	cache/log/temp artifact	yes	no
src/babappa/branch/__pycache__/context_ablation.cpython-311.pyc	file	34052	33.3K	logs_caches_temp	remove	cache/log/temp artifact	yes	no
src/babappa/branch/__pycache__/controls.cpython-311.pyc	file	62908	61.4K	logs_caches_temp	remove	cache/log/temp artifact	yes	no
src/babappa/branch/__pycache__/cycle39_report.cpython-311.pyc	file	53755	52.5K	logs_caches_temp	remove	cache/log/temp artifact	yes	no
src/babappa/branch/__pycache__/dataset.cpython-311.pyc	file	59305	57.9K	logs_caches_temp	remove	cache/log/temp artifact	yes	no
src/babappa/branch/__pycache__/feature_policy.cpython-311.pyc	file	5721	5.6K	logs_caches_temp	remove	cache/log/temp artifact	yes	no
src/babappa/branch/__pycache__/leakage.cpython-311.pyc	file	16981	16.6K	logs_caches_temp	remove	cache/log/temp artifact	yes	no
src/babappa/branch/__pycache__/mps_preflight.cpython-311.pyc	file	41604	40.6K	logs_caches_temp	remove	cache/log/temp artifact	yes	no
src/babappa/branch/__pycache__/neural_train.cpython-311.pyc	file	27035	26.4K	logs_caches_temp	remove	cache/log/temp artifact	yes	no
src/babappa/branch/__pycache__/oracle_labels.cpython-311.pyc	file	38390	37.5K	logs_caches_temp	remove	cache/log/temp artifact	yes	no
src/babappa/branch/__pycache__/plan.cpython-311.pyc	file	22107	21.6K	logs_caches_temp	remove	cache/log/temp artifact	yes	no
src/babappa/branch/__pycache__/summary.cpython-311.pyc	file	47697	46.6K	logs_caches_temp	remove	cache/log/temp artifact	yes	no
src/babappa/branch/__pycache__/summary_audit.cpython-311.pyc	file	8137	7.9K	logs_caches_temp	remove	cache/log/temp artifact	yes	no
src/babappa/branch/__pycache__/truth_audit.cpython-311.pyc	file	34167	33.4K	logs_caches_temp	remove	cache/log/temp artifact	yes	no
src/babappa/branch/__pycache__/truth_plan.cpython-311.pyc	file	85179	83.2K	logs_caches_temp	remove	cache/log/temp artifact	yes	no
src/babappa/calibration/__pycache__/__init__.cpython-311.pyc	file	1713	1.7K	logs_caches_temp	remove	cache/log/temp artifact	yes	no
src/babappa/calibration/__pycache__/audit.cpython-311.pyc	file	7273	7.1K	logs_caches_temp	remove	cache/log/temp artifact	yes	no
src/babappa/calibration/__pycache__/baseline.cpython-311.pyc	file	24040	23.5K	logs_caches_temp	remove	cache/log/temp artifact	yes	no
src/babappa/calibration/__pycache__/neural.cpython-311.pyc	file	13613	13.3K	logs_caches_temp	remove	cache/log/temp artifact	yes	no
src/babappa/calibration/__pycache__/neural_audit.cpython-311.pyc	file	7176	7.0K	logs_caches_temp	remove	cache/log/temp artifact	yes	no
src/babappa/calibration/__pycache__/stratified_calibration.cpython-311.pyc	file	24306	23.7K	logs_caches_temp	remove	cache/log/temp artifact	yes	no
src/babappa/calibration/__pycache__/stratified_calibration_audit.cpython-311.pyc	file	7934	7.7K	logs_caches_temp	remove	cache/log/temp artifact	yes	no
src/babappa/calibration/__pycache__/threshold_policy.cpython-311.pyc	file	36328	35.5K	logs_caches_temp	remove	cache/log/temp artifact	yes	no
src/babappa/calibration/__pycache__/threshold_policy_audit.cpython-311.pyc	file	5205	5.1K	logs_caches_temp	remove	cache/log/temp artifact	yes	no
src/babappa/datasets/__pycache__/__init__.cpython-311.pyc	file	1106	1.1K	logs_caches_temp	remove	cache/log/temp artifact	yes	no
src/babappa/datasets/__pycache__/audit.cpython-311.pyc	file	9458	9.2K	logs_caches_temp	remove	cache/log/temp artifact	yes	no
src/babappa/datasets/__pycache__/index.cpython-311.pyc	file	24626	24.0K	logs_caches_temp	remove	cache/log/temp artifact	yes	no
src/babappa/datasets/__pycache__/merge.cpython-311.pyc	file	21407	20.9K	logs_caches_temp	remove	cache/log/temp artifact	yes	no
src/babappa/datasets/__pycache__/merge_audit.cpython-311.pyc	file	8341	8.1K	logs_caches_temp	remove	cache/log/temp artifact	yes	no
src/babappa/datasets/__pycache__/resplit.cpython-311.pyc	file	12053	11.8K	logs_caches_temp	remove	cache/log/temp artifact	yes	no
src/babappa/datasets/__pycache__/resplit_audit.cpython-311.pyc	file	4670	4.6K	logs_caches_temp	remove	cache/log/temp artifact	yes	no
src/babappa/deploy/__pycache__/__init__.cpython-311.pyc	file	630	630B	logs_caches_temp	remove	cache/log/temp artifact	yes	no
src/babappa/deploy/__pycache__/package.cpython-311.pyc	file	55571	54.3K	logs_caches_temp	remove	cache/log/temp artifact	yes	no
src/babappa/empirical/__pycache__/__init__.cpython-311.pyc	file	6311	6.2K	logs_caches_temp	remove	cache/log/temp artifact	yes	no
src/babappa/empirical/__pycache__/bridge.cpython-311.pyc	file	90250	88.1K	logs_caches_temp	remove	cache/log/temp artifact	yes	no
src/babappa/empirical/__pycache__/calibration.cpython-311.pyc	file	29651	29.0K	logs_caches_temp	remove	cache/log/temp artifact	yes	no
src/babappa/empirical/__pycache__/family_prefilter.cpython-311.pyc	file	49531	48.4K	logs_caches_temp	remove	cache/log/temp artifact	yes	no
src/babappa/empirical/__pycache__/input_staging.cpython-311.pyc	file	58764	57.4K	logs_caches_temp	remove	cache/log/temp artifact	yes	no
src/babappa/empirical/__pycache__/pilot_panel.cpython-311.pyc	file	73836	72.1K	logs_caches_temp	remove	cache/log/temp artifact	yes	no
src/babappa/empirical/__pycache__/reference_eval.cpython-311.pyc	file	131209	128.1K	logs_caches_temp	remove	cache/log/temp artifact	yes	no
src/babappa/maintenance/__pycache__/__init__.cpython-311.pyc	file	392	392B	logs_caches_temp	remove	cache/log/temp artifact	yes	no
src/babappa/maintenance/__pycache__/storage_audit.cpython-311.pyc	file	30316	29.6K	logs_caches_temp	remove	cache/log/temp artifact	yes	no
src/babappa/models/__pycache__/__init__.cpython-311.pyc	file	768	768B	logs_caches_temp	remove	cache/log/temp artifact	yes	no
src/babappa/models/__pycache__/audit.cpython-311.pyc	file	7298	7.1K	logs_caches_temp	remove	cache/log/temp artifact	yes	no
src/babappa/models/__pycache__/baseline.cpython-311.pyc	file	23356	22.8K	logs_caches_temp	remove	cache/log/temp artifact	yes	no
src/babappa/reports/__pycache__/__init__.cpython-311.pyc	file	2977	2.9K	logs_caches_temp	remove	cache/log/temp artifact	yes	no
src/babappa/reports/__pycache__/ablation_compare.cpython-311.pyc	file	22521	22.0K	logs_caches_temp	remove	cache/log/temp artifact	yes	no
src/babappa/reports/__pycache__/ablation_compare_audit.cpython-311.pyc	file	4741	4.6K	logs_caches_temp	remove	cache/log/temp artifact	yes	no
src/babappa/reports/__pycache__/audit.cpython-311.pyc	file	3750	3.7K	logs_caches_temp	remove	cache/log/temp artifact	yes	no
src/babappa/reports/__pycache__/compare.cpython-311.pyc	file	16295	15.9K	logs_caches_temp	remove	cache/log/temp artifact	yes	no
src/babappa/reports/__pycache__/compare_audit.cpython-311.pyc	file	5141	5.0K	logs_caches_temp	remove	cache/log/temp artifact	yes	no
src/babappa/reports/__pycache__/external_tier_summary.cpython-311.pyc	file	47776	46.7K	logs_caches_temp	remove	cache/log/temp artifact	yes	no
src/babappa/reports/__pycache__/label_signal_audit.cpython-311.pyc	file	21680	21.2K	logs_caches_temp	remove	cache/log/temp artifact	yes	no
src/babappa/reports/__pycache__/label_signal_audit_audit.cpython-311.pyc	file	3728	3.6K	logs_caches_temp	remove	cache/log/temp artifact	yes	no
src/babappa/reports/__pycache__/leakage_audit.cpython-311.pyc	file	17391	17.0K	logs_caches_temp	remove	cache/log/temp artifact	yes	no
src/babappa/reports/__pycache__/leakage_audit_audit.cpython-311.pyc	file	3829	3.7K	logs_caches_temp	remove	cache/log/temp artifact	yes	no
src/babappa/reports/__pycache__/neural_diagnostics.cpython-311.pyc	file	20832	20.3K	logs_caches_temp	remove	cache/log/temp artifact	yes	no
src/babappa/reports/__pycache__/neural_diagnostics_audit.cpython-311.pyc	file	4773	4.7K	logs_caches_temp	remove	cache/log/temp artifact	yes	no
src/babappa/reports/__pycache__/prediction_diagnostics.cpython-311.pyc	file	24804	24.2K	logs_caches_temp	remove	cache/log/temp artifact	yes	no
src/babappa/reports/__pycache__/prediction_diagnostics_audit.cpython-311.pyc	file	5061	4.9K	logs_caches_temp	remove	cache/log/temp artifact	yes	no
src/babappa/reports/__pycache__/run_summary.cpython-311.pyc	file	54878	53.6K	logs_caches_temp	remove	cache/log/temp artifact	yes	no
src/babappa/reports/__pycache__/run_summary_audit.cpython-311.pyc	file	3800	3.7K	logs_caches_temp	remove	cache/log/temp artifact	yes	no
src/babappa/reports/__pycache__/stratified_eval.cpython-311.pyc	file	30023	29.3K	logs_caches_temp	remove	cache/log/temp artifact	yes	no
src/babappa/reports/__pycache__/stratified_eval_audit.cpython-311.pyc	file	5049	4.9K	logs_caches_temp	remove	cache/log/temp artifact	yes	no
src/babappa/reports/__pycache__/summary.cpython-311.pyc	file	86363	84.3K	logs_caches_temp	remove	cache/log/temp artifact	yes	no
src/babappa/simulate/__pycache__/__init__.cpython-311.pyc	file	535	535B	logs_caches_temp	remove	cache/log/temp artifact	yes	no
src/babappa/simulate/__pycache__/audit.cpython-311.pyc	file	34558	33.7K	logs_caches_temp	remove	cache/log/temp artifact	yes	no
src/babappa/simulate/__pycache__/simulator.cpython-311.pyc	file	33598	32.8K	logs_caches_temp	remove	cache/log/temp artifact	yes	no
src/babappa/site/__pycache__/__init__.cpython-311.pyc	file	4207	4.1K	logs_caches_temp	remove	cache/log/temp artifact	yes	no
src/babappa/site/__pycache__/aggregate.cpython-311.pyc	file	13259	12.9K	logs_caches_temp	remove	cache/log/temp artifact	yes	no
src/babappa/site/__pycache__/aggregate_audit.cpython-311.pyc	file	4371	4.3K	logs_caches_temp	remove	cache/log/temp artifact	yes	no
src/babappa/site/__pycache__/aggregation_controls.cpython-311.pyc	file	19597	19.1K	logs_caches_temp	remove	cache/log/temp artifact	yes	no
src/babappa/site/__pycache__/aggregation_controls_audit.cpython-311.pyc	file	3424	3.3K	logs_caches_temp	remove	cache/log/temp artifact	yes	no
src/babappa/site/__pycache__/aggregation_threshold_policy.cpython-311.pyc	file	6207	6.1K	logs_caches_temp	remove	cache/log/temp artifact	yes	no
src/babappa/site/__pycache__/aggregation_threshold_policy_audit.cpython-311.pyc	file	3818	3.7K	logs_caches_temp	remove	cache/log/temp artifact	yes	no
src/babappa/site/__pycache__/baseline.cpython-311.pyc	file	25396	24.8K	logs_caches_temp	remove	cache/log/temp artifact	yes	no
src/babappa/site/__pycache__/baseline_audit.cpython-311.pyc	file	5986	5.8K	logs_caches_temp	remove	cache/log/temp artifact	yes	no
src/babappa/site/__pycache__/calibration.cpython-311.pyc	file	18195	17.8K	logs_caches_temp	remove	cache/log/temp artifact	yes	no
src/babappa/site/__pycache__/calibration_audit.cpython-311.pyc	file	4905	4.8K	logs_caches_temp	remove	cache/log/temp artifact	yes	no
src/babappa/site/__pycache__/calibration_compare.cpython-311.pyc	file	9204	9.0K	logs_caches_temp	remove	cache/log/temp artifact	yes	no
src/babappa/site/__pycache__/calibration_compare_audit.cpython-311.pyc	file	3445	3.4K	logs_caches_temp	remove	cache/log/temp artifact	yes	no
src/babappa/site/__pycache__/compare.cpython-311.pyc	file	10805	10.6K	logs_caches_temp	remove	cache/log/temp artifact	yes	no
src/babappa/site/__pycache__/compare_audit.cpython-311.pyc	file	3337	3.3K	logs_caches_temp	remove	cache/log/temp artifact	yes	no
src/babappa/site/__pycache__/dataset.cpython-311.pyc	file	27060	26.4K	logs_caches_temp	remove	cache/log/temp artifact	yes	no
src/babappa/site/__pycache__/dataset_audit.cpython-311.pyc	file	10387	10.1K	logs_caches_temp	remove	cache/log/temp artifact	yes	no
src/babappa/site/__pycache__/leakage.cpython-311.pyc	file	13555	13.2K	logs_caches_temp	remove	cache/log/temp artifact	yes	no
src/babappa/site/__pycache__/neural_audit.cpython-311.pyc	file	6918	6.8K	logs_caches_temp	remove	cache/log/temp artifact	yes	no
src/babappa/site/__pycache__/neural_data.cpython-311.pyc	file	10326	10.1K	logs_caches_temp	remove	cache/log/temp artifact	yes	no
src/babappa/site/__pycache__/neural_model.cpython-311.pyc	file	3364	3.3K	logs_caches_temp	remove	cache/log/temp artifact	yes	no
src/babappa/site/__pycache__/neural_train.cpython-311.pyc	file	25946	25.3K	logs_caches_temp	remove	cache/log/temp artifact	yes	no
src/babappa/site/__pycache__/oracle_labels.cpython-311.pyc	file	33620	32.8K	logs_caches_temp	remove	cache/log/temp artifact	yes	no
src/babappa/site/__pycache__/oracle_labels_audit.cpython-311.pyc	file	5143	5.0K	logs_caches_temp	remove	cache/log/temp artifact	yes	no
src/babappa/site/__pycache__/stability.cpython-311.pyc	file	17931	17.5K	logs_caches_temp	remove	cache/log/temp artifact	yes	no
src/babappa/site/__pycache__/stability_audit.cpython-311.pyc	file	3369	3.3K	logs_caches_temp	remove	cache/log/temp artifact	yes	no
src/babappa/site/__pycache__/stratified_eval.cpython-311.pyc	file	10292	10.1K	logs_caches_temp	remove	cache/log/temp artifact	yes	no
src/babappa/site/__pycache__/stratified_eval_audit.cpython-311.pyc	file	3434	3.4K	logs_caches_temp	remove	cache/log/temp artifact	yes	no
src/babappa/site/__pycache__/threshold_policy.cpython-311.pyc	file	5040	4.9K	logs_caches_temp	remove	cache/log/temp artifact	yes	no
src/babappa/site/__pycache__/threshold_policy_audit.cpython-311.pyc	file	3973	3.9K	logs_caches_temp	remove	cache/log/temp artifact	yes	no
src/babappa/tensors/__pycache__/__init__.cpython-311.pyc	file	730	730B	logs_caches_temp	remove	cache/log/temp artifact	yes	no
src/babappa/tensors/__pycache__/audit.cpython-311.pyc	file	6876	6.7K	logs_caches_temp	remove	cache/log/temp artifact	yes	no
src/babappa/tensors/__pycache__/build.cpython-311.pyc	file	23025	22.5K	logs_caches_temp	remove	cache/log/temp artifact	yes	no
src/babappa/training/__pycache__/__init__.cpython-311.pyc	file	2753	2.7K	logs_caches_temp	remove	cache/log/temp artifact	yes	no
src/babappa/training/__pycache__/losses.cpython-311.pyc	file	4525	4.4K	logs_caches_temp	remove	cache/log/temp artifact	yes	no
src/babappa/training/__pycache__/mps.cpython-311.pyc	file	24347	23.8K	logs_caches_temp	remove	cache/log/temp artifact	yes	no
src/babappa/training/__pycache__/neural_audit.cpython-311.pyc	file	7712	7.5K	logs_caches_temp	remove	cache/log/temp artifact	yes	no
src/babappa/training/__pycache__/neural_data.cpython-311.pyc	file	19613	19.2K	logs_caches_temp	remove	cache/log/temp artifact	yes	no
src/babappa/training/__pycache__/neural_env.cpython-311.pyc	file	10355	10.1K	logs_caches_temp	remove	cache/log/temp artifact	yes	no
src/babappa/training/__pycache__/neural_full_audit.cpython-311.pyc	file	8059	7.9K	logs_caches_temp	remove	cache/log/temp artifact	yes	no
src/babappa/training/__pycache__/neural_model.cpython-311.pyc	file	20197	19.7K	logs_caches_temp	remove	cache/log/temp artifact	yes	no
src/babappa/training/__pycache__/neural_train.cpython-311.pyc	file	20969	20.5K	logs_caches_temp	remove	cache/log/temp artifact	yes	no
src/babappa/training/__pycache__/neural_train_full.cpython-311.pyc	file	39428	38.5K	logs_caches_temp	remove	cache/log/temp artifact	yes	no
tests/__pycache__/test_align.cpython-311-pytest-9.0.3.pyc	file	21778	21.3K	logs_caches_temp	remove	cache/log/temp artifact	yes	no
tests/__pycache__/test_apple_silicon_mps_c37.cpython-311-pytest-9.0.3.pyc	file	32919	32.1K	logs_caches_temp	remove	cache/log/temp artifact	yes	no
tests/__pycache__/test_audit.cpython-311-pytest-9.0.3.pyc	file	13518	13.2K	logs_caches_temp	remove	cache/log/temp artifact	yes	no
tests/__pycache__/test_baseline.cpython-311-pytest-9.0.3.pyc	file	25432	24.8K	logs_caches_temp	remove	cache/log/temp artifact	yes	no
tests/__pycache__/test_branch_conditioned.cpython-311-pytest-9.0.3.pyc	file	59938	58.5K	logs_caches_temp	remove	cache/log/temp artifact	yes	no
tests/__pycache__/test_branch_context_ablation.cpython-311-pytest-9.0.3.pyc	file	10890	10.6K	logs_caches_temp	remove	cache/log/temp artifact	yes	no
tests/__pycache__/test_branch_feature_policy_c36.cpython-311-pytest-9.0.3.pyc	file	23694	23.1K	logs_caches_temp	remove	cache/log/temp artifact	yes	no
tests/__pycache__/test_branch_summary_truth.cpython-311-pytest-9.0.3.pyc	file	30599	29.9K	logs_caches_temp	remove	cache/log/temp artifact	yes	no
tests/__pycache__/test_branch_truth_c34.cpython-311-pytest-9.0.3.pyc	file	53178	51.9K	logs_caches_temp	remove	cache/log/temp artifact	yes	no
tests/__pycache__/test_calibration.cpython-311-pytest-9.0.3.pyc	file	23202	22.7K	logs_caches_temp	remove	cache/log/temp artifact	yes	no
tests/__pycache__/test_cli.cpython-311-pytest-9.0.3.pyc	file	11071	10.8K	logs_caches_temp	remove	cache/log/temp artifact	yes	no
tests/__pycache__/test_cycle39_reports.cpython-311-pytest-9.0.3.pyc	file	15054	14.7K	logs_caches_temp	remove	cache/log/temp artifact	yes	no
tests/__pycache__/test_cycle40_deploy.cpython-311-pytest-9.0.3.pyc	file	28377	27.7K	logs_caches_temp	remove	cache/log/temp artifact	yes	no
tests/__pycache__/test_cycle41_empirical_bridge.cpython-311-pytest-9.0.3.pyc	file	42738	41.7K	logs_caches_temp	remove	cache/log/temp artifact	yes	no
tests/__pycache__/test_cycle42_empirical_pilot_panel.cpython-311-pytest-9.0.3.pyc	file	29460	28.8K	logs_caches_temp	remove	cache/log/temp artifact	yes	no
tests/__pycache__/test_cycle43_real_empirical_pilot.cpython-311-pytest-9.0.3.pyc	file	15566	15.2K	logs_caches_temp	remove	cache/log/temp artifact	yes	no
tests/__pycache__/test_cycle44_real_input_staging.cpython-311-pytest-9.0.3.pyc	file	27155	26.5K	logs_caches_temp	remove	cache/log/temp artifact	yes	no
tests/__pycache__/test_cycle46_ood_family_prefilter.cpython-311-pytest-9.0.3.pyc	file	24164	23.6K	logs_caches_temp	remove	cache/log/temp artifact	yes	no
tests/__pycache__/test_cycle47_reference_eval.cpython-311-pytest-9.0.3.pyc	file	30020	29.3K	logs_caches_temp	remove	cache/log/temp artifact	yes	no
tests/__pycache__/test_cycle48_reference_execution.cpython-311-pytest-9.0.3.pyc	file	23184	22.6K	logs_caches_temp	remove	cache/log/temp artifact	yes	no
tests/__pycache__/test_cycle49_babappa_only_handoff.cpython-311-pytest-9.0.3.pyc	file	20185	19.7K	logs_caches_temp	remove	cache/log/temp artifact	yes	no
tests/__pycache__/test_datasets.cpython-311-pytest-9.0.3.pyc	file	21945	21.4K	logs_caches_temp	remove	cache/log/temp artifact	yes	no
tests/__pycache__/test_external_aligners_and_site_maps.cpython-311-pytest-9.0.3.pyc	file	77022	75.2K	logs_caches_temp	remove	cache/log/temp artifact	yes	no
tests/__pycache__/test_external_tier_summary.cpython-311-pytest-9.0.3.pyc	file	14359	14.0K	logs_caches_temp	remove	cache/log/temp artifact	yes	no
tests/__pycache__/test_fast_external_10k_plan.cpython-311-pytest-9.0.3.pyc	file	16115	15.7K	logs_caches_temp	remove	cache/log/temp artifact	yes	no
tests/__pycache__/test_import.cpython-311-pytest-9.0.3.pyc	file	1977	1.9K	logs_caches_temp	remove	cache/log/temp artifact	yes	no
tests/__pycache__/test_large_run_plan.cpython-311-pytest-9.0.3.pyc	file	23022	22.5K	logs_caches_temp	remove	cache/log/temp artifact	yes	no
tests/__pycache__/test_leakage_and_stability.cpython-311-pytest-9.0.3.pyc	file	24226	23.7K	logs_caches_temp	remove	cache/log/temp artifact	yes	no
tests/__pycache__/test_mps_preflight_c37e.cpython-311-pytest-9.0.3.pyc	file	26347	25.7K	logs_caches_temp	remove	cache/log/temp artifact	yes	no
tests/__pycache__/test_neural_ablation_and_diagnostics.cpython-311-pytest-9.0.3.pyc	file	28980	28.3K	logs_caches_temp	remove	cache/log/temp artifact	yes	no
tests/__pycache__/test_neural_calibration.cpython-311-pytest-9.0.3.pyc	file	23281	22.7K	logs_caches_temp	remove	cache/log/temp artifact	yes	no
tests/__pycache__/test_neural_full_training.cpython-311-pytest-9.0.3.pyc	file	24176	23.6K	logs_caches_temp	remove	cache/log/temp artifact	yes	no
tests/__pycache__/test_neural_infra.cpython-311-pytest-9.0.3.pyc	file	16566	16.2K	logs_caches_temp	remove	cache/log/temp artifact	yes	no
tests/__pycache__/test_neural_smoke_training.cpython-311-pytest-9.0.3.pyc	file	20556	20.1K	logs_caches_temp	remove	cache/log/temp artifact	yes	no
tests/__pycache__/test_prediction_diagnostics_and_neural_v2.cpython-311-pytest-9.0.3.pyc	file	31600	30.9K	logs_caches_temp	remove	cache/log/temp artifact	yes	no
tests/__pycache__/test_ranking_repair_and_signal_audit.cpython-311-pytest-9.0.3.pyc	file	26839	26.2K	logs_caches_temp	remove	cache/log/temp artifact	yes	no
tests/__pycache__/test_reports.cpython-311-pytest-9.0.3.pyc	file	20399	19.9K	logs_caches_temp	remove	cache/log/temp artifact	yes	no
tests/__pycache__/test_run_summary_and_compare.cpython-311-pytest-9.0.3.pyc	file	29054	28.4K	logs_caches_temp	remove	cache/log/temp artifact	yes	no
tests/__pycache__/test_saturation_aware_training.cpython-311-pytest-9.0.3.pyc	file	42835	41.8K	logs_caches_temp	remove	cache/log/temp artifact	yes	no
tests/__pycache__/test_saturation_panel_and_merge.cpython-311-pytest-9.0.3.pyc	file	39351	38.4K	logs_caches_temp	remove	cache/log/temp artifact	yes	no
tests/__pycache__/test_simulator.cpython-311-pytest-9.0.3.pyc	file	15225	14.9K	logs_caches_temp	remove	cache/log/temp artifact	yes	no
tests/__pycache__/test_site_level_oracle_and_baseline.cpython-311-pytest-9.0.3.pyc	file	34608	33.8K	logs_caches_temp	remove	cache/log/temp artifact	yes	no
tests/__pycache__/test_site_neural_and_aggregation.cpython-311-pytest-9.0.3.pyc	file	33743	33.0K	logs_caches_temp	remove	cache/log/temp artifact	yes	no
tests/__pycache__/test_site_robustness_and_controls.cpython-311-pytest-9.0.3.pyc	file	27239	26.6K	logs_caches_temp	remove	cache/log/temp artifact	yes	no
tests/__pycache__/test_storage_audit.cpython-311-pytest-9.0.3.pyc	file	16424	16.0K	logs_caches_temp	remove	cache/log/temp artifact	yes	no
tests/__pycache__/test_stratified_eval.cpython-311-pytest-9.0.3.pyc	file	31165	30.4K	logs_caches_temp	remove	cache/log/temp artifact	yes	no
tests/__pycache__/test_tensors.cpython-311-pytest-9.0.3.pyc	file	22788	22.3K	logs_caches_temp	remove	cache/log/temp artifact	yes	no
tests/__pycache__/test_threshold_policy.cpython-311-pytest-9.0.3.pyc	file	32357	31.6K	logs_caches_temp	remove	cache/log/temp artifact	yes	no
