branch_id	codon_site	msa_codon_site	aligned_codon_site	branch_degapped_codon_site	branch_codon	prob_positive	called_positive	confidence	tier_model	calibrated_threshold	diagnostic_only	method
LOC_Os02g07490_LOC_Os02g07490.1	1	1	1	1	ATG	0.0	0	below_threshold	high	0.062	False	user_msa
LOC_Os02g07490_LOC_Os02g07490.1	2	2	2	2	GCG	0.0	0	below_threshold	high	0.062	False	user_msa
LOC_Os02g07490_LOC_Os02g07490.1	3	3	3	3	CAG	0.0	0	below_threshold	high	0.062	False	user_msa
LOC_Os02g07490_LOC_Os02g07490.1	4	4	4	4	CAG	0.0	0	below_threshold	high	0.062	False	user_msa
LOC_Os02g07490_LOC_Os02g07490.1	5	5	5	5	CTC	0.0	0	below_threshold	high	0.062	False	user_msa
LOC_Os02g07490_LOC_Os02g07490.1	6	6	6	6	TCC	0.0	0	below_threshold	high	0.062	False	user_msa
LOC_Os02g07490_LOC_Os02g07490.1	7	7	7	7	GCC	0.0	0	below_threshold	high	0.062	False	user_msa
LOC_Os02g07490_LOC_Os02g07490.1	8	8	8	8	CCC	0.0	0	below_threshold	high	0.062	False	user_msa
LOC_Os02g07490_LOC_Os02g07490.1	9	9	9	9	TTC	0.0	0	below_threshold	high	0.062	False	user_msa
LOC_Os02g07490_LOC_Os02g07490.1	10	10	10	10	CGC	0.0	0	below_threshold	high	0.062	False	user_msa
LOC_Os02g07490_LOC_Os02g07490.1	11	11	11	11	GCC	0.0	0	below_threshold	high	0.062	False	user_msa
LOC_Os02g07490_LOC_Os02g07490.1	12	12	12	12	GCC	0.0	0	below_threshold	high	0.062	False	user_msa
LOC_Os02g07490_LOC_Os02g07490.1	13	13	13	13	GCG	0.0	0	below_threshold	high	0.062	False	user_msa
LOC_Os02g07490_LOC_Os02g07490.1	14	14	14	14	GCC	0.0	0	below_threshold	high	0.062	False	user_msa
LOC_Os02g07490_LOC_Os02g07490.1	15	15	15	15	GCC	0.0	0	below_threshold	high	0.062	False	user_msa
LOC_Os02g07490_LOC_Os02g07490.1	16	16	16	16	GGA	0.0	0	below_threshold	high	0.062	False	user_msa
LOC_Os02g07490_LOC_Os02g07490.1	17	17	17	17	TCC	0.0	0	below_threshold	high	0.062	False	user_msa
LOC_Os02g07490_LOC_Os02g07490.1	18	18	18	18	CGC	0.0	0	below_threshold	high	0.062	False	user_msa
LOC_Os02g07490_LOC_Os02g07490.1	19	19	19	19	GCC	0.0	0	below_threshold	high	0.062	False	user_msa
LOC_Os02g07490_LOC_Os02g07490.1	20	20	20		---	0.0	0	below_threshold	high	0.062	False	user_msa
LOC_Os02g07490_LOC_Os02g07490.1	21	21	21	20	TCC	0.0	0	below_threshold	high	0.062	False	user_msa
LOC_Os02g07490_LOC_Os02g07490.1	22	22	22	21	GCC	0.0	0	below_threshold	high	0.062	False	user_msa
LOC_Os02g07490_LOC_Os02g07490.1	23	23	23	22	GCC	0.0	0	below_threshold	high	0.062	False	user_msa
LOC_Os02g07490_LOC_Os02g07490.1	24	24	24	23	GCC	0.0	0	below_threshold	high	0.062	False	user_msa
LOC_Os02g07490_LOC_Os02g07490.1	25	25	25	24	GCC	0.0	0	below_threshold	high	0.062	False	user_msa
LOC_Os02g07490_LOC_Os02g07490.1	26	26	26	25	GAT	0.0	0	below_threshold	high	0.062	False	user_msa
LOC_Os02g07490_LOC_Os02g07490.1	27	27	27	26	CCC	0.0	0	below_threshold	high	0.062	False	user_msa
LOC_Os02g07490_LOC_Os02g07490.1	28	28	28	27	GCC	0.0	0	below_threshold	high	0.062	False	user_msa
LOC_Os02g07490_LOC_Os02g07490.1	29	29	29	28	AAG	0.0	0	below_threshold	high	0.062	False	user_msa
LOC_Os02g07490_LOC_Os02g07490.1	30	30	30	29	GTG	0.0	0	below_threshold	high	0.062	False	user_msa
LOC_Os02g07490_LOC_Os02g07490.1	31	31	31	30	TTA	0.0	0	below_threshold	high	0.062	False	user_msa
LOC_Os02g07490_LOC_Os02g07490.1	32	32	32	31	CGC	0.0	0	below_threshold	high	0.062	False	user_msa
LOC_Os02g07490_LOC_Os02g07490.1	33	33	33	32	TTG	0.0	0	below_threshold	high	0.062	False	user_msa
LOC_Os02g07490_LOC_Os02g07490.1	34	34	34	33	AGA	0.0	0	below_threshold	high	0.062	False	user_msa
LOC_Os02g07490_LOC_Os02g07490.1	35	35	35	34	AGC	0.0	0	below_threshold	high	0.062	False	user_msa
LOC_Os02g07490_LOC_Os02g07490.1	36	36	36	35	GCT	0.0	0	below_threshold	high	0.062	False	user_msa
LOC_Os02g07490_LOC_Os02g07490.1	37	37	37	36	GGC	0.0	0	below_threshold	high	0.062	False	user_msa
LOC_Os02g07490_LOC_Os02g07490.1	38	38	38	37	TCA	0.0	0	below_threshold	high	0.062	False	user_msa
LOC_Os02g07490_LOC_Os02g07490.1	39	39	39		---	0.0	0	below_threshold	high	0.062	False	user_msa
LOC_Os02g07490_LOC_Os02g07490.1	40	40	40		---	0.0	0	below_threshold	high	0.062	False	user_msa
LOC_Os02g07490_LOC_Os02g07490.1	41	41	41		---	0.0	0	below_threshold	high	0.062	False	user_msa
LOC_Os02g07490_LOC_Os02g07490.1	42	42	42		---	0.0	0	below_threshold	high	0.062	False	user_msa
LOC_Os02g07490_LOC_Os02g07490.1	43	43	43	38	GCT	0.0	0	below_threshold	high	0.062	False	user_msa
LOC_Os02g07490_LOC_Os02g07490.1	44	44	44	39	CAG	0.0	0	below_threshold	high	0.062	False	user_msa
LOC_Os02g07490_LOC_Os02g07490.1	45	45	45	40	TTC	0.0	0	below_threshold	high	0.062	False	user_msa
LOC_Os02g07490_LOC_Os02g07490.1	46	46	46	41	ACC	0.0	0	below_threshold	high	0.062	False	user_msa
LOC_Os02g07490_LOC_Os02g07490.1	47	47	47	42	TCC	0.0	0	below_threshold	high	0.062	False	user_msa
LOC_Os02g07490_LOC_Os02g07490.1	48	48	48	43	ATC	0.0	0	below_threshold	high	0.062	False	user_msa
LOC_Os02g07490_LOC_Os02g07490.1	49	49	49	44	GCA	0.0	0	below_threshold	high	0.062	False	user_msa
LOC_Os02g07490_LOC_Os02g07490.1	50	50	50	45	GCT	0.0	0	below_threshold	high	0.062	False	user_msa
LOC_Os02g07490_LOC_Os02g07490.1	51	51	51	46	TCC	0.0	0	below_threshold	high	0.062	False	user_msa
LOC_Os02g07490_LOC_Os02g07490.1	52	52	52	47	TCT	0.0	0	below_threshold	high	0.062	False	user_msa
LOC_Os02g07490_LOC_Os02g07490.1	53	53	53	48	TCA	0.0	0	below_threshold	high	0.062	False	user_msa
LOC_Os02g07490_LOC_Os02g07490.1	54	54	54	49	TTT	0.0	0	below_threshold	high	0.062	False	user_msa
LOC_Os02g07490_LOC_Os02g07490.1	55	55	55	50	GCT	0.0	0	below_threshold	high	0.062	False	user_msa
LOC_Os02g07490_LOC_Os02g07490.1	56	56	56	51	AGG	0.0	0	below_threshold	high	0.062	False	user_msa
LOC_Os02g07490_LOC_Os02g07490.1	57	57	57	52	AAC	0.0	0	below_threshold	high	0.062	False	user_msa
LOC_Os02g07490_LOC_Os02g07490.1	58	58	58	53	ATT	0.0	0	below_threshold	high	0.062	False	user_msa
LOC_Os02g07490_LOC_Os02g07490.1	59	59	59	54	GAG	0.0	0	below_threshold	high	0.062	False	user_msa
LOC_Os02g07490_LOC_Os02g07490.1	60	60	60	55	CCG	0.0	0	below_threshold	high	0.062	False	user_msa
LOC_Os02g07490_LOC_Os02g07490.1	61	61	61	56	CTG	0.0	0	below_threshold	high	0.062	False	user_msa
LOC_Os02g07490_LOC_Os02g07490.1	62	62	62	57	AGA	0.0	0	below_threshold	high	0.062	False	user_msa
LOC_Os02g07490_LOC_Os02g07490.1	63	63	63	58	GCG	0.0	0	below_threshold	high	0.062	False	user_msa
LOC_Os02g07490_LOC_Os02g07490.1	64	64	64	59	ATA	0.0	0	below_threshold	high	0.062	False	user_msa
LOC_Os02g07490_LOC_Os02g07490.1	65	65	65	60	GCT	0.0	0	below_threshold	high	0.062	False	user_msa
LOC_Os02g07490_LOC_Os02g07490.1	66	66	66	61	ACT	0.0	0	below_threshold	high	0.062	False	user_msa
LOC_Os02g07490_LOC_Os02g07490.1	67	67	67	62	CAG	0.0	0	below_threshold	high	0.062	False	user_msa
LOC_Os02g07490_LOC_Os02g07490.1	68	68	68	63	GCA	0.0	0	below_threshold	high	0.062	False	user_msa
LOC_Os02g07490_LOC_Os02g07490.1	69	69	69	64	CCC	0.0	0	below_threshold	high	0.062	False	user_msa
LOC_Os02g07490_LOC_Os02g07490.1	70	70	70	65	CCT	0.0	0	below_threshold	high	0.062	False	user_msa
LOC_Os02g07490_LOC_Os02g07490.1	71	71	71	66	GCC	0.0	0	below_threshold	high	0.062	False	user_msa
LOC_Os02g07490_LOC_Os02g07490.1	72	72	72	67	GTC	0.0	0	below_threshold	high	0.062	False	user_msa
LOC_Os02g07490_LOC_Os02g07490.1	73	73	73	68	CCA	0.0	0	below_threshold	high	0.062	False	user_msa
LOC_Os02g07490_LOC_Os02g07490.1	74	74	74	69	CAA	0.0	0	below_threshold	high	0.062	False	user_msa
LOC_Os02g07490_LOC_Os02g07490.1	75	75	75	70	TAT	0.0	0	below_threshold	high	0.062	False	user_msa
LOC_Os02g07490_LOC_Os02g07490.1	76	76	76	71	TCG	0.0	0	below_threshold	high	0.062	False	user_msa
LOC_Os02g07490_LOC_Os02g07490.1	77	77	77	72	AGT	0.0	0	below_threshold	high	0.062	False	user_msa
LOC_Os02g07490_LOC_Os02g07490.1	78	78	78	73	GGC	0.0	0	below_threshold	high	0.062	False	user_msa
LOC_Os02g07490_LOC_Os02g07490.1	79	79	79	74	GAG	0.0	0	below_threshold	high	0.062	False	user_msa
LOC_Os02g07490_LOC_Os02g07490.1	80	80	80	75	AAG	0.0	0	below_threshold	high	0.062	False	user_msa
LOC_Os02g07490_LOC_Os02g07490.1	81	81	81	76	ACA	0.0	0	below_threshold	high	0.062	False	user_msa
LOC_Os02g07490_LOC_Os02g07490.1	82	82	82	77	AAG	0.0	0	below_threshold	high	0.062	False	user_msa
LOC_Os02g07490_LOC_Os02g07490.1	83	83	83	78	GTT	0.0	0	below_threshold	high	0.062	False	user_msa
LOC_Os02g07490_LOC_Os02g07490.1	84	84	84	79	GGC	0.0	0	below_threshold	high	0.062	False	user_msa
LOC_Os02g07490_LOC_Os02g07490.1	85	85	85	80	ATC	0.0	0	below_threshold	high	0.062	False	user_msa
LOC_Os02g07490_LOC_Os02g07490.1	86	86	86	81	AAT	0.0	0	below_threshold	high	0.062	False	user_msa
LOC_Os02g07490_LOC_Os02g07490.1	87	87	87	82	GGG	0.0	0	below_threshold	high	0.062	False	user_msa
LOC_Os02g07490_LOC_Os02g07490.1	88	88	88	83	TTT	0.0	0	below_threshold	high	0.062	False	user_msa
LOC_Os02g07490_LOC_Os02g07490.1	89	89	89	84	GGG	0.0	0	below_threshold	high	0.062	False	user_msa
LOC_Os02g07490_LOC_Os02g07490.1	90	90	90	85	CGA	0.0	0	below_threshold	high	0.062	False	user_msa
LOC_Os02g07490_LOC_Os02g07490.1	91	91	91	86	ATT	0.0	0	below_threshold	high	0.062	False	user_msa
LOC_Os02g07490_LOC_Os02g07490.1	92	92	92	87	GGG	0.0	0	below_threshold	high	0.062	False	user_msa
LOC_Os02g07490_LOC_Os02g07490.1	93	93	93	88	AGG	0.0	0	below_threshold	high	0.062	False	user_msa
LOC_Os02g07490_LOC_Os02g07490.1	94	94	94	89	TTG	0.0	0	below_threshold	high	0.062	False	user_msa
LOC_Os02g07490_LOC_Os02g07490.1	95	95	95	90	GTC	0.0	0	below_threshold	high	0.062	False	user_msa
LOC_Os02g07490_LOC_Os02g07490.1	96	96	96	91	CTG	0.0	0	below_threshold	high	0.062	False	user_msa
LOC_Os02g07490_LOC_Os02g07490.1	97	97	97	92	CGT	0.0	0	below_threshold	high	0.062	False	user_msa
LOC_Os02g07490_LOC_Os02g07490.1	98	98	98	93	ATT	0.0	0	below_threshold	high	0.062	False	user_msa
LOC_Os02g07490_LOC_Os02g07490.1	99	99	99	94	GCA	0.0	0	below_threshold	high	0.062	False	user_msa
LOC_Os02g07490_LOC_Os02g07490.1	100	100	100	95	ACC	0.0	0	below_threshold	high	0.062	False	user_msa
LOC_Os02g07490_LOC_Os02g07490.1	101	101	101	96	AGT	0.0	0	below_threshold	high	0.062	False	user_msa
LOC_Os02g07490_LOC_Os02g07490.1	102	102	102	97	AGA	0.0	0	below_threshold	high	0.062	False	user_msa
LOC_Os02g07490_LOC_Os02g07490.1	103	103	103	98	GAT	0.0	0	below_threshold	high	0.062	False	user_msa
LOC_Os02g07490_LOC_Os02g07490.1	104	104	104	99	GAT	0.0	0	below_threshold	high	0.062	False	user_msa
LOC_Os02g07490_LOC_Os02g07490.1	105	105	105	100	ATT	0.0	0	below_threshold	high	0.062	False	user_msa
LOC_Os02g07490_LOC_Os02g07490.1	106	106	106	101	GAA	0.0	0	below_threshold	high	0.062	False	user_msa
LOC_Os02g07490_LOC_Os02g07490.1	107	107	107	102	GTT	0.0	0	below_threshold	high	0.062	False	user_msa
LOC_Os02g07490_LOC_Os02g07490.1	108	108	108	103	GTT	0.0	0	below_threshold	high	0.062	False	user_msa
LOC_Os02g07490_LOC_Os02g07490.1	109	109	109	104	GCT	0.0	0	below_threshold	high	0.062	False	user_msa
LOC_Os02g07490_LOC_Os02g07490.1	110	110	110	105	GTC	0.0	0	below_threshold	high	0.062	False	user_msa
LOC_Os02g07490_LOC_Os02g07490.1	111	111	111	106	AAT	0.0	0	below_threshold	high	0.062	False	user_msa
LOC_Os02g07490_LOC_Os02g07490.1	112	112	112	107	GAT	0.0	0	below_threshold	high	0.062	False	user_msa
LOC_Os02g07490_LOC_Os02g07490.1	113	113	113	108	CCT	0.0	0	below_threshold	high	0.062	False	user_msa
LOC_Os02g07490_LOC_Os02g07490.1	114	114	114	109	TTC	0.0	0	below_threshold	high	0.062	False	user_msa
LOC_Os02g07490_LOC_Os02g07490.1	115	115	115	110	ATT	0.0	0	below_threshold	high	0.062	False	user_msa
LOC_Os02g07490_LOC_Os02g07490.1	116	116	116	111	GAT	0.0	0	below_threshold	high	0.062	False	user_msa
LOC_Os02g07490_LOC_Os02g07490.1	117	117	117	112	GCT	0.0	0	below_threshold	high	0.062	False	user_msa
LOC_Os02g07490_LOC_Os02g07490.1	118	118	118	113	AAA	0.0	0	below_threshold	high	0.062	False	user_msa
LOC_Os02g07490_LOC_Os02g07490.1	119	119	119	114	TAC	0.0	0	below_threshold	high	0.062	False	user_msa
LOC_Os02g07490_LOC_Os02g07490.1	120	120	120	115	ATG	0.0	0	below_threshold	high	0.062	False	user_msa
LOC_Os02g07490_LOC_Os02g07490.1	121	121	121	116	GCC	0.0	0	below_threshold	high	0.062	False	user_msa
LOC_Os02g07490_LOC_Os02g07490.1	122	122	122	117	TAC	0.0	0	below_threshold	high	0.062	False	user_msa
LOC_Os02g07490_LOC_Os02g07490.1	123	123	123	118	ATG	0.0	0	below_threshold	high	0.062	False	user_msa
LOC_Os02g07490_LOC_Os02g07490.1	124	124	124	119	TTC	0.0	0	below_threshold	high	0.062	False	user_msa
LOC_Os02g07490_LOC_Os02g07490.1	125	125	125	120	AAG	0.0	0	below_threshold	high	0.062	False	user_msa
LOC_Os02g07490_LOC_Os02g07490.1	126	126	126	121	TAT	0.0	0	below_threshold	high	0.062	False	user_msa
LOC_Os02g07490_LOC_Os02g07490.1	127	127	127	122	GAC	0.0	0	below_threshold	high	0.062	False	user_msa
LOC_Os02g07490_LOC_Os02g07490.1	128	128	128	123	TCC	0.0	0	below_threshold	high	0.062	False	user_msa
LOC_Os02g07490_LOC_Os02g07490.1	129	129	129	124	ACT	0.0	0	below_threshold	high	0.062	False	user_msa
LOC_Os02g07490_LOC_Os02g07490.1	130	130	130	125	CAT	0.0	0	below_threshold	high	0.062	False	user_msa
LOC_Os02g07490_LOC_Os02g07490.1	131	131	131	126	GGT	0.0	0	below_threshold	high	0.062	False	user_msa
LOC_Os02g07490_LOC_Os02g07490.1	132	132	132	127	CCA	0.0	0	below_threshold	high	0.062	False	user_msa
LOC_Os02g07490_LOC_Os02g07490.1	133	133	133	128	TTT	0.0	0	below_threshold	high	0.062	False	user_msa
LOC_Os02g07490_LOC_Os02g07490.1	134	134	134	129	AAA	0.0	0	below_threshold	high	0.062	False	user_msa
LOC_Os02g07490_LOC_Os02g07490.1	135	135	135		---	0.0	0	below_threshold	high	0.062	False	user_msa
LOC_Os02g07490_LOC_Os02g07490.1	136	136	136	130	GGC	0.0	0	below_threshold	high	0.062	False	user_msa
LOC_Os02g07490_LOC_Os02g07490.1	137	137	137	131	TCC	0.0	0	below_threshold	high	0.062	False	user_msa
LOC_Os02g07490_LOC_Os02g07490.1	138	138	138	132	ATT	0.0	0	below_threshold	high	0.062	False	user_msa
LOC_Os02g07490_LOC_Os02g07490.1	139	139	139	133	AAG	0.0	0	below_threshold	high	0.062	False	user_msa
LOC_Os02g07490_LOC_Os02g07490.1	140	140	140	134	GTT	0.0	0	below_threshold	high	0.062	False	user_msa
LOC_Os02g07490_LOC_Os02g07490.1	141	141	141	135	GTG	0.0	0	below_threshold	high	0.062	False	user_msa
LOC_Os02g07490_LOC_Os02g07490.1	142	142	142	136	GAT	0.0	0	below_threshold	high	0.062	False	user_msa
LOC_Os02g07490_LOC_Os02g07490.1	143	143	143	137	GAT	0.0	0	below_threshold	high	0.062	False	user_msa
LOC_Os02g07490_LOC_Os02g07490.1	144	144	144	138	TCA	0.0	0	below_threshold	high	0.062	False	user_msa
LOC_Os02g07490_LOC_Os02g07490.1	145	145	145	139	ACC	0.0	0	below_threshold	high	0.062	False	user_msa
LOC_Os02g07490_LOC_Os02g07490.1	146	146	146	140	CTG	0.0	0	below_threshold	high	0.062	False	user_msa
LOC_Os02g07490_LOC_Os02g07490.1	147	147	147	141	GAG	0.0	0	below_threshold	high	0.062	False	user_msa
LOC_Os02g07490_LOC_Os02g07490.1	148	148	148	142	ATC	0.0	0	below_threshold	high	0.062	False	user_msa
LOC_Os02g07490_LOC_Os02g07490.1	149	149	149	143	AAT	0.0	0	below_threshold	high	0.062	False	user_msa
LOC_Os02g07490_LOC_Os02g07490.1	150	150	150	144	GGA	0.0	0	below_threshold	high	0.062	False	user_msa
LOC_Os02g07490_LOC_Os02g07490.1	151	151	151	145	AAG	0.0	0	below_threshold	high	0.062	False	user_msa
LOC_Os02g07490_LOC_Os02g07490.1	152	152	152	146	AAA	0.0	0	below_threshold	high	0.062	False	user_msa
LOC_Os02g07490_LOC_Os02g07490.1	153	153	153	147	GTC	0.0	0	below_threshold	high	0.062	False	user_msa
LOC_Os02g07490_LOC_Os02g07490.1	154	154	154	148	ACA	0.0	0	below_threshold	high	0.062	False	user_msa
LOC_Os02g07490_LOC_Os02g07490.1	155	155	155	149	ATC	0.0	0	below_threshold	high	0.062	False	user_msa
LOC_Os02g07490_LOC_Os02g07490.1	156	156	156	150	ACT	0.0	0	below_threshold	high	0.062	False	user_msa
LOC_Os02g07490_LOC_Os02g07490.1	157	157	157	151	AGC	0.0	0	below_threshold	high	0.062	False	user_msa
LOC_Os02g07490_LOC_Os02g07490.1	158	158	158	152	AAA	0.0	0	below_threshold	high	0.062	False	user_msa
LOC_Os02g07490_LOC_Os02g07490.1	159	159	159	153	AGA	0.0	0	below_threshold	high	0.062	False	user_msa
LOC_Os02g07490_LOC_Os02g07490.1	160	160	160	154	GAT	0.0	0	below_threshold	high	0.062	False	user_msa
LOC_Os02g07490_LOC_Os02g07490.1	161	161	161	155	CCA	0.0	0	below_threshold	high	0.062	False	user_msa
LOC_Os02g07490_LOC_Os02g07490.1	162	162	162	156	GCA	0.0	0	below_threshold	high	0.062	False	user_msa
LOC_Os02g07490_LOC_Os02g07490.1	163	163	163	157	GAT	0.0	0	below_threshold	high	0.062	False	user_msa
LOC_Os02g07490_LOC_Os02g07490.1	164	164	164	158	ATT	0.0	0	below_threshold	high	0.062	False	user_msa
LOC_Os02g07490_LOC_Os02g07490.1	165	165	165	159	CCT	0.0	0	below_threshold	high	0.062	False	user_msa
LOC_Os02g07490_LOC_Os02g07490.1	166	166	166	160	TGG	0.0	0	below_threshold	high	0.062	False	user_msa
LOC_Os02g07490_LOC_Os02g07490.1	167	167	167	161	GGT	0.0	0	below_threshold	high	0.062	False	user_msa
LOC_Os02g07490_LOC_Os02g07490.1	168	168	168	162	AAC	0.0	0	below_threshold	high	0.062	False	user_msa
LOC_Os02g07490_LOC_Os02g07490.1	169	169	169	163	TTT	0.0	0	below_threshold	high	0.062	False	user_msa
LOC_Os02g07490_LOC_Os02g07490.1	170	170	170	164	GGA	0.0	0	below_threshold	high	0.062	False	user_msa
LOC_Os02g07490_LOC_Os02g07490.1	171	171	171	165	GCT	0.0	0	below_threshold	high	0.062	False	user_msa
LOC_Os02g07490_LOC_Os02g07490.1	172	172	172	166	GAG	0.0	0	below_threshold	high	0.062	False	user_msa
LOC_Os02g07490_LOC_Os02g07490.1	173	173	173	167	TAT	0.0	0	below_threshold	high	0.062	False	user_msa
LOC_Os02g07490_LOC_Os02g07490.1	174	174	174	168	GTT	0.0	0	below_threshold	high	0.062	False	user_msa
LOC_Os02g07490_LOC_Os02g07490.1	175	175	175	169	GTT	0.0	0	below_threshold	high	0.062	False	user_msa
LOC_Os02g07490_LOC_Os02g07490.1	176	176	176	170	GAA	0.0	0	below_threshold	high	0.062	False	user_msa
LOC_Os02g07490_LOC_Os02g07490.1	177	177	177	171	TCT	0.0	0	below_threshold	high	0.062	False	user_msa
LOC_Os02g07490_LOC_Os02g07490.1	178	178	178	172	TCA	0.0	0	below_threshold	high	0.062	False	user_msa
LOC_Os02g07490_LOC_Os02g07490.1	179	179	179	173	GGT	0.0	0	below_threshold	high	0.062	False	user_msa
LOC_Os02g07490_LOC_Os02g07490.1	180	180	180	174	GTT	0.0	0	below_threshold	high	0.062	False	user_msa
LOC_Os02g07490_LOC_Os02g07490.1	181	181	181	175	TTT	0.0	0	below_threshold	high	0.062	False	user_msa
LOC_Os02g07490_LOC_Os02g07490.1	182	182	182	176	ACA	0.0	0	below_threshold	high	0.062	False	user_msa
LOC_Os02g07490_LOC_Os02g07490.1	183	183	183	177	ACA	0.0	0	below_threshold	high	0.062	False	user_msa
LOC_Os02g07490_LOC_Os02g07490.1	184	184	184	178	ACT	0.0	0	below_threshold	high	0.062	False	user_msa
LOC_Os02g07490_LOC_Os02g07490.1	185	185	185	179	GAA	0.0	0	below_threshold	high	0.062	False	user_msa
LOC_Os02g07490_LOC_Os02g07490.1	186	186	186	180	AAG	0.0	0	below_threshold	high	0.062	False	user_msa
LOC_Os02g07490_LOC_Os02g07490.1	187	187	187	181	GCA	0.0	0	below_threshold	high	0.062	False	user_msa
LOC_Os02g07490_LOC_Os02g07490.1	188	188	188	182	TCG	0.0	0	below_threshold	high	0.062	False	user_msa
LOC_Os02g07490_LOC_Os02g07490.1	189	189	189	183	GCA	0.0	0	below_threshold	high	0.062	False	user_msa
LOC_Os02g07490_LOC_Os02g07490.1	190	190	190	184	CAT	0.0	0	below_threshold	high	0.062	False	user_msa
LOC_Os02g07490_LOC_Os02g07490.1	191	191	191	185	TTG	0.0	0	below_threshold	high	0.062	False	user_msa
LOC_Os02g07490_LOC_Os02g07490.1	192	192	192	186	AAG	0.0	0	below_threshold	high	0.062	False	user_msa
LOC_Os02g07490_LOC_Os02g07490.1	193	193	193	187	GGC	0.0	0	below_threshold	high	0.062	False	user_msa
LOC_Os02g07490_LOC_Os02g07490.1	194	194	194	188	GGT	0.0	0	below_threshold	high	0.062	False	user_msa
LOC_Os02g07490_LOC_Os02g07490.1	195	195	195	189	GCT	0.0	0	below_threshold	high	0.062	False	user_msa
LOC_Os02g07490_LOC_Os02g07490.1	196	196	196	190	AAG	0.0	0	below_threshold	high	0.062	False	user_msa
LOC_Os02g07490_LOC_Os02g07490.1	197	197	197	191	AAA	0.0	0	below_threshold	high	0.062	False	user_msa
LOC_Os02g07490_LOC_Os02g07490.1	198	198	198	192	GTT	0.0	0	below_threshold	high	0.062	False	user_msa
LOC_Os02g07490_LOC_Os02g07490.1	199	199	199	193	GTG	0.0	0	below_threshold	high	0.062	False	user_msa
LOC_Os02g07490_LOC_Os02g07490.1	200	200	200		---	0.0	0	below_threshold	high	0.062	False	user_msa
LOC_Os02g07490_LOC_Os02g07490.1	201	201	201	194	ATA	0.0	0	below_threshold	high	0.062	False	user_msa
LOC_Os02g07490_LOC_Os02g07490.1	202	202	202	195	TCT	0.0	0	below_threshold	high	0.062	False	user_msa
LOC_Os02g07490_LOC_Os02g07490.1	203	203	203	196	GCT	0.0	0	below_threshold	high	0.062	False	user_msa
LOC_Os02g07490_LOC_Os02g07490.1	204	204	204	197	CCA	0.0	0	below_threshold	high	0.062	False	user_msa
LOC_Os02g07490_LOC_Os02g07490.1	205	205	205	198	TCA	0.0	0	below_threshold	high	0.062	False	user_msa
LOC_Os02g07490_LOC_Os02g07490.1	206	206	206	199	GCA	0.0	0	below_threshold	high	0.062	False	user_msa
LOC_Os02g07490_LOC_Os02g07490.1	207	207	207	200	GAT	0.0	0	below_threshold	high	0.062	False	user_msa
LOC_Os02g07490_LOC_Os02g07490.1	208	208	208	201	GCT	0.0	0	below_threshold	high	0.062	False	user_msa
LOC_Os02g07490_LOC_Os02g07490.1	209	209	209	202	CCA	0.0	0	below_threshold	high	0.062	False	user_msa
LOC_Os02g07490_LOC_Os02g07490.1	210	210	210	203	ATG	0.0	0	below_threshold	high	0.062	False	user_msa
LOC_Os02g07490_LOC_Os02g07490.1	211	211	211	204	TTT	0.0	0	below_threshold	high	0.062	False	user_msa
LOC_Os02g07490_LOC_Os02g07490.1	212	212	212	205	GTC	0.0	0	below_threshold	high	0.062	False	user_msa
LOC_Os02g07490_LOC_Os02g07490.1	213	213	213	206	GTT	0.0	0	below_threshold	high	0.062	False	user_msa
LOC_Os02g07490_LOC_Os02g07490.1	214	214	214	207	GGA	0.0	0	below_threshold	high	0.062	False	user_msa
LOC_Os02g07490_LOC_Os02g07490.1	215	215	215	208	GTA	0.0	0	below_threshold	high	0.062	False	user_msa
LOC_Os02g07490_LOC_Os02g07490.1	216	216	216	209	AAT	0.0	0	below_threshold	high	0.062	False	user_msa
LOC_Os02g07490_LOC_Os02g07490.1	217	217	217	210	GAG	0.0	0	below_threshold	high	0.062	False	user_msa
LOC_Os02g07490_LOC_Os02g07490.1	218	218	218	211	AAG	0.0	0	below_threshold	high	0.062	False	user_msa
LOC_Os02g07490_LOC_Os02g07490.1	219	219	219	212	AGC	0.0	0	below_threshold	high	0.062	False	user_msa
LOC_Os02g07490_LOC_Os02g07490.1	220	220	220	213	TAT	0.0	0	below_threshold	high	0.062	False	user_msa
LOC_Os02g07490_LOC_Os02g07490.1	221	221	221	214	GAT	0.0	0	below_threshold	high	0.062	False	user_msa
LOC_Os02g07490_LOC_Os02g07490.1	222	222	222	215	CCT	0.0	0	below_threshold	high	0.062	False	user_msa
LOC_Os02g07490_LOC_Os02g07490.1	223	223	223	216	AAA	0.0	0	below_threshold	high	0.062	False	user_msa
LOC_Os02g07490_LOC_Os02g07490.1	224	224	224	217	ATG	0.0	0	below_threshold	high	0.062	False	user_msa
LOC_Os02g07490_LOC_Os02g07490.1	225	225	225	218	AAT	0.0	0	below_threshold	high	0.062	False	user_msa
LOC_Os02g07490_LOC_Os02g07490.1	226	226	226	219	GTT	0.0	0	below_threshold	high	0.062	False	user_msa
LOC_Os02g07490_LOC_Os02g07490.1	227	227	227	220	GTT	0.0	0	below_threshold	high	0.062	False	user_msa
LOC_Os02g07490_LOC_Os02g07490.1	228	228	228	221	TCT	0.0	0	below_threshold	high	0.062	False	user_msa
LOC_Os02g07490_LOC_Os02g07490.1	229	229	229	222	AAC	0.0	0	below_threshold	high	0.062	False	user_msa
LOC_Os02g07490_LOC_Os02g07490.1	230	230	230	223	GCA	0.0	0	below_threshold	high	0.062	False	user_msa
LOC_Os02g07490_LOC_Os02g07490.1	231	231	231	224	AGT	0.0	0	below_threshold	high	0.062	False	user_msa
LOC_Os02g07490_LOC_Os02g07490.1	232	232	232	225	TGT	0.0	0	below_threshold	high	0.062	False	user_msa
LOC_Os02g07490_LOC_Os02g07490.1	233	233	233	226	ACT	0.0	0	below_threshold	high	0.062	False	user_msa
LOC_Os02g07490_LOC_Os02g07490.1	234	234	234	227	ACC	0.0	0	below_threshold	high	0.062	False	user_msa
LOC_Os02g07490_LOC_Os02g07490.1	235	235	235	228	AAC	0.0	0	below_threshold	high	0.062	False	user_msa
LOC_Os02g07490_LOC_Os02g07490.1	236	236	236	229	TGT	0.0	0	below_threshold	high	0.062	False	user_msa
LOC_Os02g07490_LOC_Os02g07490.1	237	237	237	230	CTT	0.0	0	below_threshold	high	0.062	False	user_msa
LOC_Os02g07490_LOC_Os02g07490.1	238	238	238	231	GCT	0.0	0	below_threshold	high	0.062	False	user_msa
LOC_Os02g07490_LOC_Os02g07490.1	239	239	239	232	CCT	0.0	0	below_threshold	high	0.062	False	user_msa
LOC_Os02g07490_LOC_Os02g07490.1	240	240	240	233	CTT	0.0	0	below_threshold	high	0.062	False	user_msa
LOC_Os02g07490_LOC_Os02g07490.1	241	241	241	234	GCC	0.0	0	below_threshold	high	0.062	False	user_msa
LOC_Os02g07490_LOC_Os02g07490.1	242	242	242	235	AAG	0.0	0	below_threshold	high	0.062	False	user_msa
LOC_Os02g07490_LOC_Os02g07490.1	243	243	243	236	GTT	0.0	0	below_threshold	high	0.062	False	user_msa
LOC_Os02g07490_LOC_Os02g07490.1	244	244	244	237	GTC	0.0	0	below_threshold	high	0.062	False	user_msa
LOC_Os02g07490_LOC_Os02g07490.1	245	245	245	238	CAT	0.0	0	below_threshold	high	0.062	False	user_msa
LOC_Os02g07490_LOC_Os02g07490.1	246	246	246	239	GAG	0.0	0	below_threshold	high	0.062	False	user_msa
LOC_Os02g07490_LOC_Os02g07490.1	247	247	247	240	GAA	0.0	0	below_threshold	high	0.062	False	user_msa
LOC_Os02g07490_LOC_Os02g07490.1	248	248	248	241	TTT	0.0	0	below_threshold	high	0.062	False	user_msa
LOC_Os02g07490_LOC_Os02g07490.1	249	249	249	242	GGC	0.0	0	below_threshold	high	0.062	False	user_msa
LOC_Os02g07490_LOC_Os02g07490.1	250	250	250	243	ATT	0.0	0	below_threshold	high	0.062	False	user_msa
LOC_Os02g07490_LOC_Os02g07490.1	251	251	251	244	GTT	0.0	0	below_threshold	high	0.062	False	user_msa
LOC_Os02g07490_LOC_Os02g07490.1	252	252	252	245	GAG	0.0	0	below_threshold	high	0.062	False	user_msa
LOC_Os02g07490_LOC_Os02g07490.1	253	253	253	246	GGT	0.0	0	below_threshold	high	0.062	False	user_msa
LOC_Os02g07490_LOC_Os02g07490.1	254	254	254	247	CTC	0.0	0	below_threshold	high	0.062	False	user_msa
LOC_Os02g07490_LOC_Os02g07490.1	255	255	255	248	ATG	0.0	0	below_threshold	high	0.062	False	user_msa
LOC_Os02g07490_LOC_Os02g07490.1	256	256	256	249	ACA	0.0	0	below_threshold	high	0.062	False	user_msa
LOC_Os02g07490_LOC_Os02g07490.1	257	257	257	250	ACT	0.0	0	below_threshold	high	0.062	False	user_msa
LOC_Os02g07490_LOC_Os02g07490.1	258	258	258	251	GTT	0.0	0	below_threshold	high	0.062	False	user_msa
LOC_Os02g07490_LOC_Os02g07490.1	259	259	259	252	CAT	0.0	0	below_threshold	high	0.062	False	user_msa
LOC_Os02g07490_LOC_Os02g07490.1	260	260	260	253	GCC	0.0	0	below_threshold	high	0.062	False	user_msa
LOC_Os02g07490_LOC_Os02g07490.1	261	261	261	254	ACA	0.0	0	below_threshold	high	0.062	False	user_msa
LOC_Os02g07490_LOC_Os02g07490.1	262	262	262	255	ACA	0.0	0	below_threshold	high	0.062	False	user_msa
LOC_Os02g07490_LOC_Os02g07490.1	263	263	263	256	GCC	0.0	0	below_threshold	high	0.062	False	user_msa
LOC_Os02g07490_LOC_Os02g07490.1	264	264	264	257	ACC	0.0	0	below_threshold	high	0.062	False	user_msa
LOC_Os02g07490_LOC_Os02g07490.1	265	265	265	258	CAG	0.0	0	below_threshold	high	0.062	False	user_msa
LOC_Os02g07490_LOC_Os02g07490.1	266	266	266	259	AAG	0.0	0	below_threshold	high	0.062	False	user_msa
LOC_Os02g07490_LOC_Os02g07490.1	267	267	267	260	ACT	0.0	0	below_threshold	high	0.062	False	user_msa
LOC_Os02g07490_LOC_Os02g07490.1	268	268	268	261	GTC	0.0	0	below_threshold	high	0.062	False	user_msa
LOC_Os02g07490_LOC_Os02g07490.1	269	269	269	262	GAT	0.0	0	below_threshold	high	0.062	False	user_msa
LOC_Os02g07490_LOC_Os02g07490.1	270	270	270	263	GGC	0.0	0	below_threshold	high	0.062	False	user_msa
LOC_Os02g07490_LOC_Os02g07490.1	271	271	271	264	CCT	0.0	0	below_threshold	high	0.062	False	user_msa
LOC_Os02g07490_LOC_Os02g07490.1	272	272	272	265	TCA	0.0	0	below_threshold	high	0.062	False	user_msa
LOC_Os02g07490_LOC_Os02g07490.1	273	273	273	266	ATG	0.0	0	below_threshold	high	0.062	False	user_msa
LOC_Os02g07490_LOC_Os02g07490.1	274	274	274	267	AAA	0.0	0	below_threshold	high	0.062	False	user_msa
LOC_Os02g07490_LOC_Os02g07490.1	275	275	275	268	GAT	0.0	0	below_threshold	high	0.062	False	user_msa
LOC_Os02g07490_LOC_Os02g07490.1	276	276	276	269	TGG	0.0	0	below_threshold	high	0.062	False	user_msa
LOC_Os02g07490_LOC_Os02g07490.1	277	277	277	270	AGA	0.0	0	below_threshold	high	0.062	False	user_msa
LOC_Os02g07490_LOC_Os02g07490.1	278	278	278	271	GGA	0.0	0	below_threshold	high	0.062	False	user_msa
LOC_Os02g07490_LOC_Os02g07490.1	279	279	279	272	GGG	0.0	0	below_threshold	high	0.062	False	user_msa
LOC_Os02g07490_LOC_Os02g07490.1	280	280	280	273	CGT	0.0	0	below_threshold	high	0.062	False	user_msa
LOC_Os02g07490_LOC_Os02g07490.1	281	281	281	274	GGT	0.0	0	below_threshold	high	0.062	False	user_msa
LOC_Os02g07490_LOC_Os02g07490.1	282	282	282	275	GCT	0.0	0	below_threshold	high	0.062	False	user_msa
LOC_Os02g07490_LOC_Os02g07490.1	283	283	283	276	GCT	0.0	0	below_threshold	high	0.062	False	user_msa
LOC_Os02g07490_LOC_Os02g07490.1	284	284	284	277	CAA	0.0	0	below_threshold	high	0.062	False	user_msa
LOC_Os02g07490_LOC_Os02g07490.1	285	285	285	278	AAC	0.0	0	below_threshold	high	0.062	False	user_msa
LOC_Os02g07490_LOC_Os02g07490.1	286	286	286	279	ATA	0.0	0	below_threshold	high	0.062	False	user_msa
LOC_Os02g07490_LOC_Os02g07490.1	287	287	287	280	ATT	0.0	0	below_threshold	high	0.062	False	user_msa
LOC_Os02g07490_LOC_Os02g07490.1	288	288	288	281	CCT	0.0	0	below_threshold	high	0.062	False	user_msa
LOC_Os02g07490_LOC_Os02g07490.1	289	289	289	282	AGC	0.0	0	below_threshold	high	0.062	False	user_msa
LOC_Os02g07490_LOC_Os02g07490.1	290	290	290	283	TCC	0.0	0	below_threshold	high	0.062	False	user_msa
LOC_Os02g07490_LOC_Os02g07490.1	291	291	291	284	ACT	0.0	0	below_threshold	high	0.062	False	user_msa
LOC_Os02g07490_LOC_Os02g07490.1	292	292	292	285	GGT	0.0	0	below_threshold	high	0.062	False	user_msa
LOC_Os02g07490_LOC_Os02g07490.1	293	293	293	286	GCA	0.0	0	below_threshold	high	0.062	False	user_msa
LOC_Os02g07490_LOC_Os02g07490.1	294	294	294	287	GCC	0.0	0	below_threshold	high	0.062	False	user_msa
LOC_Os02g07490_LOC_Os02g07490.1	295	295	295	288	AAG	0.0	0	below_threshold	high	0.062	False	user_msa
LOC_Os02g07490_LOC_Os02g07490.1	296	296	296	289	GCT	0.0	0	below_threshold	high	0.062	False	user_msa
LOC_Os02g07490_LOC_Os02g07490.1	297	297	297	290	GTT	0.0	0	below_threshold	high	0.062	False	user_msa
LOC_Os02g07490_LOC_Os02g07490.1	298	298	298	291	GGG	0.0	0	below_threshold	high	0.062	False	user_msa
LOC_Os02g07490_LOC_Os02g07490.1	299	299	299	292	AAA	0.0	0	below_threshold	high	0.062	False	user_msa
LOC_Os02g07490_LOC_Os02g07490.1	300	300	300	293	GTC	0.0	0	below_threshold	high	0.062	False	user_msa
LOC_Os02g07490_LOC_Os02g07490.1	301	301	301	294	CTC	0.0	0	below_threshold	high	0.062	False	user_msa
LOC_Os02g07490_LOC_Os02g07490.1	302	302	302	295	CCT	0.0	0	below_threshold	high	0.062	False	user_msa
LOC_Os02g07490_LOC_Os02g07490.1	303	303	303	296	GAG	0.0	0	below_threshold	high	0.062	False	user_msa
LOC_Os02g07490_LOC_Os02g07490.1	304	304	304	297	CTA	0.0	0	below_threshold	high	0.062	False	user_msa
LOC_Os02g07490_LOC_Os02g07490.1	305	305	305	298	AAT	0.0	0	below_threshold	high	0.062	False	user_msa
LOC_Os02g07490_LOC_Os02g07490.1	306	306	306	299	GGA	0.0	0	below_threshold	high	0.062	False	user_msa
LOC_Os02g07490_LOC_Os02g07490.1	307	307	307	300	AAG	0.0	0	below_threshold	high	0.062	False	user_msa
LOC_Os02g07490_LOC_Os02g07490.1	308	308	308	301	CTC	0.0	0	below_threshold	high	0.062	False	user_msa
LOC_Os02g07490_LOC_Os02g07490.1	309	309	309	302	ACT	0.0	0	below_threshold	high	0.062	False	user_msa
LOC_Os02g07490_LOC_Os02g07490.1	310	310	310	303	GGT	0.0	0	below_threshold	high	0.062	False	user_msa
LOC_Os02g07490_LOC_Os02g07490.1	311	311	311	304	ATG	0.0	0	below_threshold	high	0.062	False	user_msa
LOC_Os02g07490_LOC_Os02g07490.1	312	312	312	305	GCC	0.0	0	below_threshold	high	0.062	False	user_msa
LOC_Os02g07490_LOC_Os02g07490.1	313	313	313	306	TTC	0.0	0	below_threshold	high	0.062	False	user_msa
LOC_Os02g07490_LOC_Os02g07490.1	314	314	314	307	CGA	0.0	0	below_threshold	high	0.062	False	user_msa
LOC_Os02g07490_LOC_Os02g07490.1	315	315	315	308	GTT	0.0	0	below_threshold	high	0.062	False	user_msa
LOC_Os02g07490_LOC_Os02g07490.1	316	316	316	309	CCA	0.0	0	below_threshold	high	0.062	False	user_msa
LOC_Os02g07490_LOC_Os02g07490.1	317	317	317	310	ACA	0.0	0	below_threshold	high	0.062	False	user_msa
LOC_Os02g07490_LOC_Os02g07490.1	318	318	318	311	CCA	0.0	0	below_threshold	high	0.062	False	user_msa
LOC_Os02g07490_LOC_Os02g07490.1	319	319	319	312	AAT	0.0	0	below_threshold	high	0.062	False	user_msa
LOC_Os02g07490_LOC_Os02g07490.1	320	320	320	313	GTG	0.0	0	below_threshold	high	0.062	False	user_msa
LOC_Os02g07490_LOC_Os02g07490.1	321	321	321	314	TCT	0.0	0	below_threshold	high	0.062	False	user_msa
LOC_Os02g07490_LOC_Os02g07490.1	322	322	322	315	GTT	0.0	0	below_threshold	high	0.062	False	user_msa
LOC_Os02g07490_LOC_Os02g07490.1	323	323	323	316	GTC	0.0	0	below_threshold	high	0.062	False	user_msa
LOC_Os02g07490_LOC_Os02g07490.1	324	324	324	317	GAC	0.0	0	below_threshold	high	0.062	False	user_msa
LOC_Os02g07490_LOC_Os02g07490.1	325	325	325	318	TTG	0.0	0	below_threshold	high	0.062	False	user_msa
LOC_Os02g07490_LOC_Os02g07490.1	326	326	326	319	ACC	0.0	0	below_threshold	high	0.062	False	user_msa
LOC_Os02g07490_LOC_Os02g07490.1	327	327	327	320	TGC	0.0	0	below_threshold	high	0.062	False	user_msa
LOC_Os02g07490_LOC_Os02g07490.1	328	328	328	321	CGG	0.0	0	below_threshold	high	0.062	False	user_msa
LOC_Os02g07490_LOC_Os02g07490.1	329	329	329	322	ATT	0.0	0	below_threshold	high	0.062	False	user_msa
LOC_Os02g07490_LOC_Os02g07490.1	330	330	330	323	GAA	0.0	0	below_threshold	high	0.062	False	user_msa
LOC_Os02g07490_LOC_Os02g07490.1	331	331	331	324	AAA	0.0	0	below_threshold	high	0.062	False	user_msa
LOC_Os02g07490_LOC_Os02g07490.1	332	332	332	325	AGT	0.0	0	below_threshold	high	0.062	False	user_msa
LOC_Os02g07490_LOC_Os02g07490.1	333	333	333	326	GCA	0.0	0	below_threshold	high	0.062	False	user_msa
LOC_Os02g07490_LOC_Os02g07490.1	334	334	334	327	TCC	0.0	0	below_threshold	high	0.062	False	user_msa
LOC_Os02g07490_LOC_Os02g07490.1	335	335	335	328	TAT	0.0	0	below_threshold	high	0.062	False	user_msa
LOC_Os02g07490_LOC_Os02g07490.1	336	336	336	329	GAC	0.0	0	below_threshold	high	0.062	False	user_msa
LOC_Os02g07490_LOC_Os02g07490.1	337	337	337	330	GAT	0.0	0	below_threshold	high	0.062	False	user_msa
LOC_Os02g07490_LOC_Os02g07490.1	338	338	338	331	GTG	0.0	0	below_threshold	high	0.062	False	user_msa
LOC_Os02g07490_LOC_Os02g07490.1	339	339	339	332	AAA	0.0	0	below_threshold	high	0.062	False	user_msa
LOC_Os02g07490_LOC_Os02g07490.1	340	340	340	333	GCA	0.0	0	below_threshold	high	0.062	False	user_msa
LOC_Os02g07490_LOC_Os02g07490.1	341	341	341	334	GCC	0.0	0	below_threshold	high	0.062	False	user_msa
LOC_Os02g07490_LOC_Os02g07490.1	342	342	342	335	ATC	0.0	0	below_threshold	high	0.062	False	user_msa
LOC_Os02g07490_LOC_Os02g07490.1	343	343	343	336	AAG	0.0	0	below_threshold	high	0.062	False	user_msa
LOC_Os02g07490_LOC_Os02g07490.1	344	344	344	337	GCA	0.0	0	below_threshold	high	0.062	False	user_msa
LOC_Os02g07490_LOC_Os02g07490.1	345	345	345	338	GCA	0.0	0	below_threshold	high	0.062	False	user_msa
LOC_Os02g07490_LOC_Os02g07490.1	346	346	346	339	TCA	0.0	0	below_threshold	high	0.062	False	user_msa
LOC_Os02g07490_LOC_Os02g07490.1	347	347	347	340	GAG	0.0	0	below_threshold	high	0.062	False	user_msa
LOC_Os02g07490_LOC_Os02g07490.1	348	348	348	341	GGT	0.0	0	below_threshold	high	0.062	False	user_msa
LOC_Os02g07490_LOC_Os02g07490.1	349	349	349	342	GCA	0.0	0	below_threshold	high	0.062	False	user_msa
LOC_Os02g07490_LOC_Os02g07490.1	350	350	350	343	CTG	0.0	0	below_threshold	high	0.062	False	user_msa
LOC_Os02g07490_LOC_Os02g07490.1	351	351	351	344	AAA	0.0	0	below_threshold	high	0.062	False	user_msa
LOC_Os02g07490_LOC_Os02g07490.1	352	352	352	345	GGT	0.0	0	below_threshold	high	0.062	False	user_msa
LOC_Os02g07490_LOC_Os02g07490.1	353	353	353	346	ATT	0.0	0	below_threshold	high	0.062	False	user_msa
LOC_Os02g07490_LOC_Os02g07490.1	354	354	354	347	CTA	0.0	0	below_threshold	high	0.062	False	user_msa
LOC_Os02g07490_LOC_Os02g07490.1	355	355	355	348	GGT	0.0	0	below_threshold	high	0.062	False	user_msa
LOC_Os02g07490_LOC_Os02g07490.1	356	356	356	349	TAC	0.0	0	below_threshold	high	0.062	False	user_msa
LOC_Os02g07490_LOC_Os02g07490.1	357	357	357	350	ACA	0.0	0	below_threshold	high	0.062	False	user_msa
LOC_Os02g07490_LOC_Os02g07490.1	358	358	358	351	GAT	0.0	0	below_threshold	high	0.062	False	user_msa
LOC_Os02g07490_LOC_Os02g07490.1	359	359	359	352	GAG	0.0	0	below_threshold	high	0.062	False	user_msa
LOC_Os02g07490_LOC_Os02g07490.1	360	360	360	353	GAT	0.0	0	below_threshold	high	0.062	False	user_msa
LOC_Os02g07490_LOC_Os02g07490.1	361	361	361	354	GTG	0.0	0	below_threshold	high	0.062	False	user_msa
LOC_Os02g07490_LOC_Os02g07490.1	362	362	362	355	GTT	0.0	0	below_threshold	high	0.062	False	user_msa
LOC_Os02g07490_LOC_Os02g07490.1	363	363	363	356	TCC	0.0	0	below_threshold	high	0.062	False	user_msa
LOC_Os02g07490_LOC_Os02g07490.1	364	364	364	357	AAT	0.0	0	below_threshold	high	0.062	False	user_msa
LOC_Os02g07490_LOC_Os02g07490.1	365	365	365	358	GAC	0.0	0	below_threshold	high	0.062	False	user_msa
LOC_Os02g07490_LOC_Os02g07490.1	366	366	366	359	TTC	0.0	0	below_threshold	high	0.062	False	user_msa
LOC_Os02g07490_LOC_Os02g07490.1	367	367	367	360	GTT	0.0	0	below_threshold	high	0.062	False	user_msa
LOC_Os02g07490_LOC_Os02g07490.1	368	368	368	361	GGT	0.0	0	below_threshold	high	0.062	False	user_msa
LOC_Os02g07490_LOC_Os02g07490.1	369	369	369	362	GAT	0.0	0	below_threshold	high	0.062	False	user_msa
LOC_Os02g07490_LOC_Os02g07490.1	370	370	370	363	GCA	0.0	0	below_threshold	high	0.062	False	user_msa
LOC_Os02g07490_LOC_Os02g07490.1	371	371	371	364	AGG	0.0	0	below_threshold	high	0.062	False	user_msa
LOC_Os02g07490_LOC_Os02g07490.1	372	372	372	365	TCA	0.0	0	below_threshold	high	0.062	False	user_msa
LOC_Os02g07490_LOC_Os02g07490.1	373	373	373	366	AGC	0.0	0	below_threshold	high	0.062	False	user_msa
LOC_Os02g07490_LOC_Os02g07490.1	374	374	374	367	ATC	0.0	0	below_threshold	high	0.062	False	user_msa
LOC_Os02g07490_LOC_Os02g07490.1	375	375	375	368	TTT	0.0	0	below_threshold	high	0.062	False	user_msa
LOC_Os02g07490_LOC_Os02g07490.1	376	376	376	369	GAT	0.0	0	below_threshold	high	0.062	False	user_msa
LOC_Os02g07490_LOC_Os02g07490.1	377	377	377	370	GCC	0.0	0	below_threshold	high	0.062	False	user_msa
LOC_Os02g07490_LOC_Os02g07490.1	378	378	378	371	AAG	0.0	0	below_threshold	high	0.062	False	user_msa
LOC_Os02g07490_LOC_Os02g07490.1	379	379	379	372	GCT	0.0	0	below_threshold	high	0.062	False	user_msa
LOC_Os02g07490_LOC_Os02g07490.1	380	380	380	373	GGT	0.0	0	below_threshold	high	0.062	False	user_msa
LOC_Os02g07490_LOC_Os02g07490.1	381	381	381	374	ATT	0.0	0	below_threshold	high	0.062	False	user_msa
LOC_Os02g07490_LOC_Os02g07490.1	382	382	382	375	GGA	0.0	0	below_threshold	high	0.062	False	user_msa
LOC_Os02g07490_LOC_Os02g07490.1	383	383	383	376	CTG	0.0	0	below_threshold	high	0.062	False	user_msa
LOC_Os02g07490_LOC_Os02g07490.1	384	384	384	377	AGC	0.0	0	below_threshold	high	0.062	False	user_msa
LOC_Os02g07490_LOC_Os02g07490.1	385	385	385	378	TCT	0.0	0	below_threshold	high	0.062	False	user_msa
LOC_Os02g07490_LOC_Os02g07490.1	386	386	386	379	TCC	0.0	0	below_threshold	high	0.062	False	user_msa
LOC_Os02g07490_LOC_Os02g07490.1	387	387	387	380	TTC	0.0	0	below_threshold	high	0.062	False	user_msa
LOC_Os02g07490_LOC_Os02g07490.1	388	388	388	381	ATG	0.0	0	below_threshold	high	0.062	False	user_msa
LOC_Os02g07490_LOC_Os02g07490.1	389	389	389	382	AAG	0.0	0	below_threshold	high	0.062	False	user_msa
LOC_Os02g07490_LOC_Os02g07490.1	390	390	390	383	CTT	0.0	0	below_threshold	high	0.062	False	user_msa
LOC_Os02g07490_LOC_Os02g07490.1	391	391	391	384	GTG	0.0	0	below_threshold	high	0.062	False	user_msa
LOC_Os02g07490_LOC_Os02g07490.1	392	392	392	385	TCA	0.0	0	below_threshold	high	0.062	False	user_msa
LOC_Os02g07490_LOC_Os02g07490.1	393	393	393	386	TGG	0.0	0	below_threshold	high	0.062	False	user_msa
LOC_Os02g07490_LOC_Os02g07490.1	394	394	394	387	TAT	0.0	0	below_threshold	high	0.062	False	user_msa
LOC_Os02g07490_LOC_Os02g07490.1	395	395	395	388	GAC	0.0	0	below_threshold	high	0.062	False	user_msa
LOC_Os02g07490_LOC_Os02g07490.1	396	396	396	389	AAC	0.0	0	below_threshold	high	0.062	False	user_msa
LOC_Os02g07490_LOC_Os02g07490.1	397	397	397	390	GAG	0.0	0	below_threshold	high	0.062	False	user_msa
LOC_Os02g07490_LOC_Os02g07490.1	398	398	398	391	TGG	0.0	0	below_threshold	high	0.062	False	user_msa
LOC_Os02g07490_LOC_Os02g07490.1	399	399	399	392	GGC	0.0	0	below_threshold	high	0.062	False	user_msa
LOC_Os02g07490_LOC_Os02g07490.1	400	400	400	393	TAC	0.0	0	below_threshold	high	0.062	False	user_msa
LOC_Os02g07490_LOC_Os02g07490.1	401	401	401	394	AGC	0.0	0	below_threshold	high	0.062	False	user_msa
LOC_Os02g07490_LOC_Os02g07490.1	402	402	402	395	AAC	0.0	0	below_threshold	high	0.062	False	user_msa
LOC_Os02g07490_LOC_Os02g07490.1	403	403	403	396	CGT	0.0	0	below_threshold	high	0.062	False	user_msa
LOC_Os02g07490_LOC_Os02g07490.1	404	404	404	397	GTG	0.0	0	below_threshold	high	0.062	False	user_msa
LOC_Os02g07490_LOC_Os02g07490.1	405	405	405	398	TTG	0.0	0	below_threshold	high	0.062	False	user_msa
LOC_Os02g07490_LOC_Os02g07490.1	406	406	406	399	GAT	0.0	0	below_threshold	high	0.062	False	user_msa
LOC_Os02g07490_LOC_Os02g07490.1	407	407	407	400	CTG	0.0	0	below_threshold	high	0.062	False	user_msa
LOC_Os02g07490_LOC_Os02g07490.1	408	408	408	401	ATT	0.0	0	below_threshold	high	0.062	False	user_msa
LOC_Os02g07490_LOC_Os02g07490.1	409	409	409	402	GCC	0.0	0	below_threshold	high	0.062	False	user_msa
LOC_Os02g07490_LOC_Os02g07490.1	410	410	410	403	CAC	0.0	0	below_threshold	high	0.062	False	user_msa
LOC_Os02g07490_LOC_Os02g07490.1	411	411	411	404	ATG	0.0	0	below_threshold	high	0.062	False	user_msa
LOC_Os02g07490_LOC_Os02g07490.1	412	412	412	405	GCT	0.0	0	below_threshold	high	0.062	False	user_msa
LOC_Os02g07490_LOC_Os02g07490.1	413	413	413	406	CTT	0.0	0	below_threshold	high	0.062	False	user_msa
LOC_Os02g07490_LOC_Os02g07490.1	414	414	414	407	GTC	0.0	0	below_threshold	high	0.062	False	user_msa
LOC_Os02g07490_LOC_Os02g07490.1	415	415	415	408	AAC	0.0	0	below_threshold	high	0.062	False	user_msa
LOC_Os02g07490_LOC_Os02g07490.1	416	416	416	409	GCC	0.0	0	below_threshold	high	0.062	False	user_msa
LOC_Os02g07490_LOC_Os02g07490.1	417	417	417	410	AAG	0.0	0	below_threshold	high	0.062	False	user_msa
LOC_Os02g07490_LOC_Os02g07490.1	418	418	418	411	CAC	0.0	0	below_threshold	high	0.062	False	user_msa
LOC_Os02g07490_LOC_Os02g07490.1	419	419	419	412	TGA	0.0	0	below_threshold	high	0.062	False	user_msa
