family_id	site	label	regime
smoke_00011_positive_strong_branch_site	7	1	positive_strong_branch_site
smoke_00011_positive_strong_branch_site	30	1	positive_strong_branch_site
smoke_00011_positive_strong_branch_site	45	1	positive_strong_branch_site
smoke_00011_positive_strong_branch_site	48	1	positive_strong_branch_site
smoke_00011_positive_strong_branch_site	71	1	positive_strong_branch_site
smoke_00011_positive_strong_branch_site	82	1	positive_strong_branch_site
smoke_00011_positive_strong_branch_site	135	1	positive_strong_branch_site
smoke_00011_positive_strong_branch_site	141	1	positive_strong_branch_site
smoke_00011_positive_strong_branch_site	152	1	positive_strong_branch_site
smoke_00011_positive_strong_branch_site	183	1	positive_strong_branch_site
smoke_00011_positive_strong_branch_site	187	1	positive_strong_branch_site
smoke_00011_positive_strong_branch_site	210	1	positive_strong_branch_site
smoke_00011_positive_strong_branch_site	220	1	positive_strong_branch_site
smoke_00011_positive_strong_branch_site	236	1	positive_strong_branch_site
smoke_00011_positive_strong_branch_site	246	1	positive_strong_branch_site
smoke_00011_positive_strong_branch_site	267	1	positive_strong_branch_site
smoke_00011_positive_strong_branch_site	273	1	positive_strong_branch_site
smoke_00011_positive_strong_branch_site	285	1	positive_strong_branch_site
smoke_00011_positive_strong_branch_site	304	1	positive_strong_branch_site
smoke_00011_positive_strong_branch_site	329	1	positive_strong_branch_site
smoke_00011_positive_strong_branch_site	333	1	positive_strong_branch_site
smoke_00011_positive_strong_branch_site	347	1	positive_strong_branch_site
smoke_00011_positive_strong_branch_site	353	1	positive_strong_branch_site
smoke_00011_positive_strong_branch_site	378	1	positive_strong_branch_site
smoke_00011_positive_strong_branch_site	415	1	positive_strong_branch_site
