panel_id	gene_family	cds_msa	tree_file	foreground	expected_category	notes	benchmark_stratum
OG0002431	OG0002431	publication_benchmark/drosophila_absrel_benchmark_stratified_final/panels/strict_in_domain/msas/OG0002431.codon.aln.fasta	publication_benchmark/drosophila_absrel_benchmark_stratified_final/panels/strict_in_domain/trees/OG0002431.treefile	leaves	unknown	Drosophila OrthoFinder single-copy ortholog benchmark; BABAPPA and HyPhy aBSREL are both run on leaf branches. Stratum=strict_in_domain: Low-divergence, low-gap families expected to be BABAPPA in-domain.	strict_in_domain
OG0002435	OG0002435	publication_benchmark/drosophila_absrel_benchmark_stratified_final/panels/strict_in_domain/msas/OG0002435.codon.aln.fasta	publication_benchmark/drosophila_absrel_benchmark_stratified_final/panels/strict_in_domain/trees/OG0002435.treefile	leaves	unknown	Drosophila OrthoFinder single-copy ortholog benchmark; BABAPPA and HyPhy aBSREL are both run on leaf branches. Stratum=strict_in_domain: Low-divergence, low-gap families expected to be BABAPPA in-domain.	strict_in_domain
OG0002436	OG0002436	publication_benchmark/drosophila_absrel_benchmark_stratified_final/panels/strict_in_domain/msas/OG0002436.codon.aln.fasta	publication_benchmark/drosophila_absrel_benchmark_stratified_final/panels/strict_in_domain/trees/OG0002436.treefile	leaves	unknown	Drosophila OrthoFinder single-copy ortholog benchmark; BABAPPA and HyPhy aBSREL are both run on leaf branches. Stratum=strict_in_domain: Low-divergence, low-gap families expected to be BABAPPA in-domain.	strict_in_domain
OG0002448	OG0002448	publication_benchmark/drosophila_absrel_benchmark_stratified_final/panels/strict_in_domain/msas/OG0002448.codon.aln.fasta	publication_benchmark/drosophila_absrel_benchmark_stratified_final/panels/strict_in_domain/trees/OG0002448.treefile	leaves	unknown	Drosophila OrthoFinder single-copy ortholog benchmark; BABAPPA and HyPhy aBSREL are both run on leaf branches. Stratum=strict_in_domain: Low-divergence, low-gap families expected to be BABAPPA in-domain.	strict_in_domain
OG0002455	OG0002455	publication_benchmark/drosophila_absrel_benchmark_stratified_final/panels/strict_in_domain/msas/OG0002455.codon.aln.fasta	publication_benchmark/drosophila_absrel_benchmark_stratified_final/panels/strict_in_domain/trees/OG0002455.treefile	leaves	unknown	Drosophila OrthoFinder single-copy ortholog benchmark; BABAPPA and HyPhy aBSREL are both run on leaf branches. Stratum=strict_in_domain: Low-divergence, low-gap families expected to be BABAPPA in-domain.	strict_in_domain
OG0002456	OG0002456	publication_benchmark/drosophila_absrel_benchmark_stratified_final/panels/strict_in_domain/msas/OG0002456.codon.aln.fasta	publication_benchmark/drosophila_absrel_benchmark_stratified_final/panels/strict_in_domain/trees/OG0002456.treefile	leaves	unknown	Drosophila OrthoFinder single-copy ortholog benchmark; BABAPPA and HyPhy aBSREL are both run on leaf branches. Stratum=strict_in_domain: Low-divergence, low-gap families expected to be BABAPPA in-domain.	strict_in_domain
OG0002457	OG0002457	publication_benchmark/drosophila_absrel_benchmark_stratified_final/panels/strict_in_domain/msas/OG0002457.codon.aln.fasta	publication_benchmark/drosophila_absrel_benchmark_stratified_final/panels/strict_in_domain/trees/OG0002457.treefile	leaves	unknown	Drosophila OrthoFinder single-copy ortholog benchmark; BABAPPA and HyPhy aBSREL are both run on leaf branches. Stratum=strict_in_domain: Low-divergence, low-gap families expected to be BABAPPA in-domain.	strict_in_domain
OG0002458	OG0002458	publication_benchmark/drosophila_absrel_benchmark_stratified_final/panels/strict_in_domain/msas/OG0002458.codon.aln.fasta	publication_benchmark/drosophila_absrel_benchmark_stratified_final/panels/strict_in_domain/trees/OG0002458.treefile	leaves	unknown	Drosophila OrthoFinder single-copy ortholog benchmark; BABAPPA and HyPhy aBSREL are both run on leaf branches. Stratum=strict_in_domain: Low-divergence, low-gap families expected to be BABAPPA in-domain.	strict_in_domain
OG0002459	OG0002459	publication_benchmark/drosophila_absrel_benchmark_stratified_final/panels/strict_in_domain/msas/OG0002459.codon.aln.fasta	publication_benchmark/drosophila_absrel_benchmark_stratified_final/panels/strict_in_domain/trees/OG0002459.treefile	leaves	unknown	Drosophila OrthoFinder single-copy ortholog benchmark; BABAPPA and HyPhy aBSREL are both run on leaf branches. Stratum=strict_in_domain: Low-divergence, low-gap families expected to be BABAPPA in-domain.	strict_in_domain
OG0002531	OG0002531	publication_benchmark/drosophila_absrel_benchmark_stratified_final/panels/strict_in_domain/msas/OG0002531.codon.aln.fasta	publication_benchmark/drosophila_absrel_benchmark_stratified_final/panels/strict_in_domain/trees/OG0002531.treefile	leaves	unknown	Drosophila OrthoFinder single-copy ortholog benchmark; BABAPPA and HyPhy aBSREL are both run on leaf branches. Stratum=strict_in_domain: Low-divergence, low-gap families expected to be BABAPPA in-domain.	strict_in_domain
OG0002532	OG0002532	publication_benchmark/drosophila_absrel_benchmark_stratified_final/panels/strict_in_domain/msas/OG0002532.codon.aln.fasta	publication_benchmark/drosophila_absrel_benchmark_stratified_final/panels/strict_in_domain/trees/OG0002532.treefile	leaves	unknown	Drosophila OrthoFinder single-copy ortholog benchmark; BABAPPA and HyPhy aBSREL are both run on leaf branches. Stratum=strict_in_domain: Low-divergence, low-gap families expected to be BABAPPA in-domain.	strict_in_domain
OG0002533	OG0002533	publication_benchmark/drosophila_absrel_benchmark_stratified_final/panels/strict_in_domain/msas/OG0002533.codon.aln.fasta	publication_benchmark/drosophila_absrel_benchmark_stratified_final/panels/strict_in_domain/trees/OG0002533.treefile	leaves	unknown	Drosophila OrthoFinder single-copy ortholog benchmark; BABAPPA and HyPhy aBSREL are both run on leaf branches. Stratum=strict_in_domain: Low-divergence, low-gap families expected to be BABAPPA in-domain.	strict_in_domain
OG0002534	OG0002534	publication_benchmark/drosophila_absrel_benchmark_stratified_final/panels/strict_in_domain/msas/OG0002534.codon.aln.fasta	publication_benchmark/drosophila_absrel_benchmark_stratified_final/panels/strict_in_domain/trees/OG0002534.treefile	leaves	unknown	Drosophila OrthoFinder single-copy ortholog benchmark; BABAPPA and HyPhy aBSREL are both run on leaf branches. Stratum=strict_in_domain: Low-divergence, low-gap families expected to be BABAPPA in-domain.	strict_in_domain
OG0002585	OG0002585	publication_benchmark/drosophila_absrel_benchmark_stratified_final/panels/strict_in_domain/msas/OG0002585.codon.aln.fasta	publication_benchmark/drosophila_absrel_benchmark_stratified_final/panels/strict_in_domain/trees/OG0002585.treefile	leaves	unknown	Drosophila OrthoFinder single-copy ortholog benchmark; BABAPPA and HyPhy aBSREL are both run on leaf branches. Stratum=strict_in_domain: Low-divergence, low-gap families expected to be BABAPPA in-domain.	strict_in_domain
OG0002586	OG0002586	publication_benchmark/drosophila_absrel_benchmark_stratified_final/panels/strict_in_domain/msas/OG0002586.codon.aln.fasta	publication_benchmark/drosophila_absrel_benchmark_stratified_final/panels/strict_in_domain/trees/OG0002586.treefile	leaves	unknown	Drosophila OrthoFinder single-copy ortholog benchmark; BABAPPA and HyPhy aBSREL are both run on leaf branches. Stratum=strict_in_domain: Low-divergence, low-gap families expected to be BABAPPA in-domain.	strict_in_domain
OG0002612	OG0002612	publication_benchmark/drosophila_absrel_benchmark_stratified_final/panels/strict_in_domain/msas/OG0002612.codon.aln.fasta	publication_benchmark/drosophila_absrel_benchmark_stratified_final/panels/strict_in_domain/trees/OG0002612.treefile	leaves	unknown	Drosophila OrthoFinder single-copy ortholog benchmark; BABAPPA and HyPhy aBSREL are both run on leaf branches. Stratum=strict_in_domain: Low-divergence, low-gap families expected to be BABAPPA in-domain.	strict_in_domain
OG0002620	OG0002620	publication_benchmark/drosophila_absrel_benchmark_stratified_final/panels/strict_in_domain/msas/OG0002620.codon.aln.fasta	publication_benchmark/drosophila_absrel_benchmark_stratified_final/panels/strict_in_domain/trees/OG0002620.treefile	leaves	unknown	Drosophila OrthoFinder single-copy ortholog benchmark; BABAPPA and HyPhy aBSREL are both run on leaf branches. Stratum=strict_in_domain: Low-divergence, low-gap families expected to be BABAPPA in-domain.	strict_in_domain
OG0002625	OG0002625	publication_benchmark/drosophila_absrel_benchmark_stratified_final/panels/strict_in_domain/msas/OG0002625.codon.aln.fasta	publication_benchmark/drosophila_absrel_benchmark_stratified_final/panels/strict_in_domain/trees/OG0002625.treefile	leaves	unknown	Drosophila OrthoFinder single-copy ortholog benchmark; BABAPPA and HyPhy aBSREL are both run on leaf branches. Stratum=strict_in_domain: Low-divergence, low-gap families expected to be BABAPPA in-domain.	strict_in_domain
OG0002626	OG0002626	publication_benchmark/drosophila_absrel_benchmark_stratified_final/panels/strict_in_domain/msas/OG0002626.codon.aln.fasta	publication_benchmark/drosophila_absrel_benchmark_stratified_final/panels/strict_in_domain/trees/OG0002626.treefile	leaves	unknown	Drosophila OrthoFinder single-copy ortholog benchmark; BABAPPA and HyPhy aBSREL are both run on leaf branches. Stratum=strict_in_domain: Low-divergence, low-gap families expected to be BABAPPA in-domain.	strict_in_domain
OG0002627	OG0002627	publication_benchmark/drosophila_absrel_benchmark_stratified_final/panels/strict_in_domain/msas/OG0002627.codon.aln.fasta	publication_benchmark/drosophila_absrel_benchmark_stratified_final/panels/strict_in_domain/trees/OG0002627.treefile	leaves	unknown	Drosophila OrthoFinder single-copy ortholog benchmark; BABAPPA and HyPhy aBSREL are both run on leaf branches. Stratum=strict_in_domain: Low-divergence, low-gap families expected to be BABAPPA in-domain.	strict_in_domain
OG0002479	OG0002479	publication_benchmark/drosophila_absrel_benchmark_stratified_final/panels/relaxed_in_domain/msas/OG0002479.codon.aln.fasta	publication_benchmark/drosophila_absrel_benchmark_stratified_final/panels/relaxed_in_domain/trees/OG0002479.treefile	leaves	unknown	Drosophila OrthoFinder single-copy ortholog benchmark; BABAPPA and HyPhy aBSREL are both run on leaf branches. Stratum=relaxed_in_domain: Moderate but still clean families near the upper in-domain range.	relaxed_in_domain
OG0002504	OG0002504	publication_benchmark/drosophila_absrel_benchmark_stratified_final/panels/relaxed_in_domain/msas/OG0002504.codon.aln.fasta	publication_benchmark/drosophila_absrel_benchmark_stratified_final/panels/relaxed_in_domain/trees/OG0002504.treefile	leaves	unknown	Drosophila OrthoFinder single-copy ortholog benchmark; BABAPPA and HyPhy aBSREL are both run on leaf branches. Stratum=relaxed_in_domain: Moderate but still clean families near the upper in-domain range.	relaxed_in_domain
OG0002538	OG0002538	publication_benchmark/drosophila_absrel_benchmark_stratified_final/panels/relaxed_in_domain/msas/OG0002538.codon.aln.fasta	publication_benchmark/drosophila_absrel_benchmark_stratified_final/panels/relaxed_in_domain/trees/OG0002538.treefile	leaves	unknown	Drosophila OrthoFinder single-copy ortholog benchmark; BABAPPA and HyPhy aBSREL are both run on leaf branches. Stratum=relaxed_in_domain: Moderate but still clean families near the upper in-domain range.	relaxed_in_domain
OG0002539	OG0002539	publication_benchmark/drosophila_absrel_benchmark_stratified_final/panels/relaxed_in_domain/msas/OG0002539.codon.aln.fasta	publication_benchmark/drosophila_absrel_benchmark_stratified_final/panels/relaxed_in_domain/trees/OG0002539.treefile	leaves	unknown	Drosophila OrthoFinder single-copy ortholog benchmark; BABAPPA and HyPhy aBSREL are both run on leaf branches. Stratum=relaxed_in_domain: Moderate but still clean families near the upper in-domain range.	relaxed_in_domain
OG0002541	OG0002541	publication_benchmark/drosophila_absrel_benchmark_stratified_final/panels/relaxed_in_domain/msas/OG0002541.codon.aln.fasta	publication_benchmark/drosophila_absrel_benchmark_stratified_final/panels/relaxed_in_domain/trees/OG0002541.treefile	leaves	unknown	Drosophila OrthoFinder single-copy ortholog benchmark; BABAPPA and HyPhy aBSREL are both run on leaf branches. Stratum=relaxed_in_domain: Moderate but still clean families near the upper in-domain range.	relaxed_in_domain
OG0002584	OG0002584	publication_benchmark/drosophila_absrel_benchmark_stratified_final/panels/relaxed_in_domain/msas/OG0002584.codon.aln.fasta	publication_benchmark/drosophila_absrel_benchmark_stratified_final/panels/relaxed_in_domain/trees/OG0002584.treefile	leaves	unknown	Drosophila OrthoFinder single-copy ortholog benchmark; BABAPPA and HyPhy aBSREL are both run on leaf branches. Stratum=relaxed_in_domain: Moderate but still clean families near the upper in-domain range.	relaxed_in_domain
OG0002623	OG0002623	publication_benchmark/drosophila_absrel_benchmark_stratified_final/panels/relaxed_in_domain/msas/OG0002623.codon.aln.fasta	publication_benchmark/drosophila_absrel_benchmark_stratified_final/panels/relaxed_in_domain/trees/OG0002623.treefile	leaves	unknown	Drosophila OrthoFinder single-copy ortholog benchmark; BABAPPA and HyPhy aBSREL are both run on leaf branches. Stratum=relaxed_in_domain: Moderate but still clean families near the upper in-domain range.	relaxed_in_domain
OG0002652	OG0002652	publication_benchmark/drosophila_absrel_benchmark_stratified_final/panels/relaxed_in_domain/msas/OG0002652.codon.aln.fasta	publication_benchmark/drosophila_absrel_benchmark_stratified_final/panels/relaxed_in_domain/trees/OG0002652.treefile	leaves	unknown	Drosophila OrthoFinder single-copy ortholog benchmark; BABAPPA and HyPhy aBSREL are both run on leaf branches. Stratum=relaxed_in_domain: Moderate but still clean families near the upper in-domain range.	relaxed_in_domain
OG0002662	OG0002662	publication_benchmark/drosophila_absrel_benchmark_stratified_final/panels/relaxed_in_domain/msas/OG0002662.codon.aln.fasta	publication_benchmark/drosophila_absrel_benchmark_stratified_final/panels/relaxed_in_domain/trees/OG0002662.treefile	leaves	unknown	Drosophila OrthoFinder single-copy ortholog benchmark; BABAPPA and HyPhy aBSREL are both run on leaf branches. Stratum=relaxed_in_domain: Moderate but still clean families near the upper in-domain range.	relaxed_in_domain
OG0002674	OG0002674	publication_benchmark/drosophila_absrel_benchmark_stratified_final/panels/relaxed_in_domain/msas/OG0002674.codon.aln.fasta	publication_benchmark/drosophila_absrel_benchmark_stratified_final/panels/relaxed_in_domain/trees/OG0002674.treefile	leaves	unknown	Drosophila OrthoFinder single-copy ortholog benchmark; BABAPPA and HyPhy aBSREL are both run on leaf branches. Stratum=relaxed_in_domain: Moderate but still clean families near the upper in-domain range.	relaxed_in_domain
OG0002681	OG0002681	publication_benchmark/drosophila_absrel_benchmark_stratified_final/panels/relaxed_in_domain/msas/OG0002681.codon.aln.fasta	publication_benchmark/drosophila_absrel_benchmark_stratified_final/panels/relaxed_in_domain/trees/OG0002681.treefile	leaves	unknown	Drosophila OrthoFinder single-copy ortholog benchmark; BABAPPA and HyPhy aBSREL are both run on leaf branches. Stratum=relaxed_in_domain: Moderate but still clean families near the upper in-domain range.	relaxed_in_domain
OG0002698	OG0002698	publication_benchmark/drosophila_absrel_benchmark_stratified_final/panels/relaxed_in_domain/msas/OG0002698.codon.aln.fasta	publication_benchmark/drosophila_absrel_benchmark_stratified_final/panels/relaxed_in_domain/trees/OG0002698.treefile	leaves	unknown	Drosophila OrthoFinder single-copy ortholog benchmark; BABAPPA and HyPhy aBSREL are both run on leaf branches. Stratum=relaxed_in_domain: Moderate but still clean families near the upper in-domain range.	relaxed_in_domain
OG0002706	OG0002706	publication_benchmark/drosophila_absrel_benchmark_stratified_final/panels/relaxed_in_domain/msas/OG0002706.codon.aln.fasta	publication_benchmark/drosophila_absrel_benchmark_stratified_final/panels/relaxed_in_domain/trees/OG0002706.treefile	leaves	unknown	Drosophila OrthoFinder single-copy ortholog benchmark; BABAPPA and HyPhy aBSREL are both run on leaf branches. Stratum=relaxed_in_domain: Moderate but still clean families near the upper in-domain range.	relaxed_in_domain
OG0002709	OG0002709	publication_benchmark/drosophila_absrel_benchmark_stratified_final/panels/relaxed_in_domain/msas/OG0002709.codon.aln.fasta	publication_benchmark/drosophila_absrel_benchmark_stratified_final/panels/relaxed_in_domain/trees/OG0002709.treefile	leaves	unknown	Drosophila OrthoFinder single-copy ortholog benchmark; BABAPPA and HyPhy aBSREL are both run on leaf branches. Stratum=relaxed_in_domain: Moderate but still clean families near the upper in-domain range.	relaxed_in_domain
OG0002717	OG0002717	publication_benchmark/drosophila_absrel_benchmark_stratified_final/panels/relaxed_in_domain/msas/OG0002717.codon.aln.fasta	publication_benchmark/drosophila_absrel_benchmark_stratified_final/panels/relaxed_in_domain/trees/OG0002717.treefile	leaves	unknown	Drosophila OrthoFinder single-copy ortholog benchmark; BABAPPA and HyPhy aBSREL are both run on leaf branches. Stratum=relaxed_in_domain: Moderate but still clean families near the upper in-domain range.	relaxed_in_domain
OG0002724	OG0002724	publication_benchmark/drosophila_absrel_benchmark_stratified_final/panels/relaxed_in_domain/msas/OG0002724.codon.aln.fasta	publication_benchmark/drosophila_absrel_benchmark_stratified_final/panels/relaxed_in_domain/trees/OG0002724.treefile	leaves	unknown	Drosophila OrthoFinder single-copy ortholog benchmark; BABAPPA and HyPhy aBSREL are both run on leaf branches. Stratum=relaxed_in_domain: Moderate but still clean families near the upper in-domain range.	relaxed_in_domain
OG0002725	OG0002725	publication_benchmark/drosophila_absrel_benchmark_stratified_final/panels/relaxed_in_domain/msas/OG0002725.codon.aln.fasta	publication_benchmark/drosophila_absrel_benchmark_stratified_final/panels/relaxed_in_domain/trees/OG0002725.treefile	leaves	unknown	Drosophila OrthoFinder single-copy ortholog benchmark; BABAPPA and HyPhy aBSREL are both run on leaf branches. Stratum=relaxed_in_domain: Moderate but still clean families near the upper in-domain range.	relaxed_in_domain
OG0002734	OG0002734	publication_benchmark/drosophila_absrel_benchmark_stratified_final/panels/relaxed_in_domain/msas/OG0002734.codon.aln.fasta	publication_benchmark/drosophila_absrel_benchmark_stratified_final/panels/relaxed_in_domain/trees/OG0002734.treefile	leaves	unknown	Drosophila OrthoFinder single-copy ortholog benchmark; BABAPPA and HyPhy aBSREL are both run on leaf branches. Stratum=relaxed_in_domain: Moderate but still clean families near the upper in-domain range.	relaxed_in_domain
OG0002757	OG0002757	publication_benchmark/drosophila_absrel_benchmark_stratified_final/panels/relaxed_in_domain/msas/OG0002757.codon.aln.fasta	publication_benchmark/drosophila_absrel_benchmark_stratified_final/panels/relaxed_in_domain/trees/OG0002757.treefile	leaves	unknown	Drosophila OrthoFinder single-copy ortholog benchmark; BABAPPA and HyPhy aBSREL are both run on leaf branches. Stratum=relaxed_in_domain: Moderate but still clean families near the upper in-domain range.	relaxed_in_domain
OG0002762	OG0002762	publication_benchmark/drosophila_absrel_benchmark_stratified_final/panels/relaxed_in_domain/msas/OG0002762.codon.aln.fasta	publication_benchmark/drosophila_absrel_benchmark_stratified_final/panels/relaxed_in_domain/trees/OG0002762.treefile	leaves	unknown	Drosophila OrthoFinder single-copy ortholog benchmark; BABAPPA and HyPhy aBSREL are both run on leaf branches. Stratum=relaxed_in_domain: Moderate but still clean families near the upper in-domain range.	relaxed_in_domain
OG0002427	OG0002427	publication_benchmark/drosophila_absrel_benchmark_stratified_final/panels/borderline_distance/msas/OG0002427.codon.aln.fasta	publication_benchmark/drosophila_absrel_benchmark_stratified_final/panels/borderline_distance/trees/OG0002427.treefile	leaves	unknown	Drosophila OrthoFinder single-copy ortholog benchmark; BABAPPA and HyPhy aBSREL are both run on leaf branches. Stratum=borderline_distance: Low-gap families whose divergence is expected to push BABAPPA toward borderline.	borderline_distance
OG0002428	OG0002428	publication_benchmark/drosophila_absrel_benchmark_stratified_final/panels/borderline_distance/msas/OG0002428.codon.aln.fasta	publication_benchmark/drosophila_absrel_benchmark_stratified_final/panels/borderline_distance/trees/OG0002428.treefile	leaves	unknown	Drosophila OrthoFinder single-copy ortholog benchmark; BABAPPA and HyPhy aBSREL are both run on leaf branches. Stratum=borderline_distance: Low-gap families whose divergence is expected to push BABAPPA toward borderline.	borderline_distance
OG0002469	OG0002469	publication_benchmark/drosophila_absrel_benchmark_stratified_final/panels/borderline_distance/msas/OG0002469.codon.aln.fasta	publication_benchmark/drosophila_absrel_benchmark_stratified_final/panels/borderline_distance/trees/OG0002469.treefile	leaves	unknown	Drosophila OrthoFinder single-copy ortholog benchmark; BABAPPA and HyPhy aBSREL are both run on leaf branches. Stratum=borderline_distance: Low-gap families whose divergence is expected to push BABAPPA toward borderline.	borderline_distance
OG0002471	OG0002471	publication_benchmark/drosophila_absrel_benchmark_stratified_final/panels/borderline_distance/msas/OG0002471.codon.aln.fasta	publication_benchmark/drosophila_absrel_benchmark_stratified_final/panels/borderline_distance/trees/OG0002471.treefile	leaves	unknown	Drosophila OrthoFinder single-copy ortholog benchmark; BABAPPA and HyPhy aBSREL are both run on leaf branches. Stratum=borderline_distance: Low-gap families whose divergence is expected to push BABAPPA toward borderline.	borderline_distance
OG0002487	OG0002487	publication_benchmark/drosophila_absrel_benchmark_stratified_final/panels/borderline_distance/msas/OG0002487.codon.aln.fasta	publication_benchmark/drosophila_absrel_benchmark_stratified_final/panels/borderline_distance/trees/OG0002487.treefile	leaves	unknown	Drosophila OrthoFinder single-copy ortholog benchmark; BABAPPA and HyPhy aBSREL are both run on leaf branches. Stratum=borderline_distance: Low-gap families whose divergence is expected to push BABAPPA toward borderline.	borderline_distance
OG0002493	OG0002493	publication_benchmark/drosophila_absrel_benchmark_stratified_final/panels/borderline_distance/msas/OG0002493.codon.aln.fasta	publication_benchmark/drosophila_absrel_benchmark_stratified_final/panels/borderline_distance/trees/OG0002493.treefile	leaves	unknown	Drosophila OrthoFinder single-copy ortholog benchmark; BABAPPA and HyPhy aBSREL are both run on leaf branches. Stratum=borderline_distance: Low-gap families whose divergence is expected to push BABAPPA toward borderline.	borderline_distance
OG0002497	OG0002497	publication_benchmark/drosophila_absrel_benchmark_stratified_final/panels/borderline_distance/msas/OG0002497.codon.aln.fasta	publication_benchmark/drosophila_absrel_benchmark_stratified_final/panels/borderline_distance/trees/OG0002497.treefile	leaves	unknown	Drosophila OrthoFinder single-copy ortholog benchmark; BABAPPA and HyPhy aBSREL are both run on leaf branches. Stratum=borderline_distance: Low-gap families whose divergence is expected to push BABAPPA toward borderline.	borderline_distance
OG0002499	OG0002499	publication_benchmark/drosophila_absrel_benchmark_stratified_final/panels/borderline_distance/msas/OG0002499.codon.aln.fasta	publication_benchmark/drosophila_absrel_benchmark_stratified_final/panels/borderline_distance/trees/OG0002499.treefile	leaves	unknown	Drosophila OrthoFinder single-copy ortholog benchmark; BABAPPA and HyPhy aBSREL are both run on leaf branches. Stratum=borderline_distance: Low-gap families whose divergence is expected to push BABAPPA toward borderline.	borderline_distance
OG0002503	OG0002503	publication_benchmark/drosophila_absrel_benchmark_stratified_final/panels/borderline_distance/msas/OG0002503.codon.aln.fasta	publication_benchmark/drosophila_absrel_benchmark_stratified_final/panels/borderline_distance/trees/OG0002503.treefile	leaves	unknown	Drosophila OrthoFinder single-copy ortholog benchmark; BABAPPA and HyPhy aBSREL are both run on leaf branches. Stratum=borderline_distance: Low-gap families whose divergence is expected to push BABAPPA toward borderline.	borderline_distance
OG0002506	OG0002506	publication_benchmark/drosophila_absrel_benchmark_stratified_final/panels/borderline_distance/msas/OG0002506.codon.aln.fasta	publication_benchmark/drosophila_absrel_benchmark_stratified_final/panels/borderline_distance/trees/OG0002506.treefile	leaves	unknown	Drosophila OrthoFinder single-copy ortholog benchmark; BABAPPA and HyPhy aBSREL are both run on leaf branches. Stratum=borderline_distance: Low-gap families whose divergence is expected to push BABAPPA toward borderline.	borderline_distance
OG0002513	OG0002513	publication_benchmark/drosophila_absrel_benchmark_stratified_final/panels/borderline_distance/msas/OG0002513.codon.aln.fasta	publication_benchmark/drosophila_absrel_benchmark_stratified_final/panels/borderline_distance/trees/OG0002513.treefile	leaves	unknown	Drosophila OrthoFinder single-copy ortholog benchmark; BABAPPA and HyPhy aBSREL are both run on leaf branches. Stratum=borderline_distance: Low-gap families whose divergence is expected to push BABAPPA toward borderline.	borderline_distance
OG0002517	OG0002517	publication_benchmark/drosophila_absrel_benchmark_stratified_final/panels/borderline_distance/msas/OG0002517.codon.aln.fasta	publication_benchmark/drosophila_absrel_benchmark_stratified_final/panels/borderline_distance/trees/OG0002517.treefile	leaves	unknown	Drosophila OrthoFinder single-copy ortholog benchmark; BABAPPA and HyPhy aBSREL are both run on leaf branches. Stratum=borderline_distance: Low-gap families whose divergence is expected to push BABAPPA toward borderline.	borderline_distance
OG0002519	OG0002519	publication_benchmark/drosophila_absrel_benchmark_stratified_final/panels/borderline_distance/msas/OG0002519.codon.aln.fasta	publication_benchmark/drosophila_absrel_benchmark_stratified_final/panels/borderline_distance/trees/OG0002519.treefile	leaves	unknown	Drosophila OrthoFinder single-copy ortholog benchmark; BABAPPA and HyPhy aBSREL are both run on leaf branches. Stratum=borderline_distance: Low-gap families whose divergence is expected to push BABAPPA toward borderline.	borderline_distance
OG0002535	OG0002535	publication_benchmark/drosophila_absrel_benchmark_stratified_final/panels/borderline_distance/msas/OG0002535.codon.aln.fasta	publication_benchmark/drosophila_absrel_benchmark_stratified_final/panels/borderline_distance/trees/OG0002535.treefile	leaves	unknown	Drosophila OrthoFinder single-copy ortholog benchmark; BABAPPA and HyPhy aBSREL are both run on leaf branches. Stratum=borderline_distance: Low-gap families whose divergence is expected to push BABAPPA toward borderline.	borderline_distance
OG0002536	OG0002536	publication_benchmark/drosophila_absrel_benchmark_stratified_final/panels/borderline_distance/msas/OG0002536.codon.aln.fasta	publication_benchmark/drosophila_absrel_benchmark_stratified_final/panels/borderline_distance/trees/OG0002536.treefile	leaves	unknown	Drosophila OrthoFinder single-copy ortholog benchmark; BABAPPA and HyPhy aBSREL are both run on leaf branches. Stratum=borderline_distance: Low-gap families whose divergence is expected to push BABAPPA toward borderline.	borderline_distance
OG0002537	OG0002537	publication_benchmark/drosophila_absrel_benchmark_stratified_final/panels/borderline_distance/msas/OG0002537.codon.aln.fasta	publication_benchmark/drosophila_absrel_benchmark_stratified_final/panels/borderline_distance/trees/OG0002537.treefile	leaves	unknown	Drosophila OrthoFinder single-copy ortholog benchmark; BABAPPA and HyPhy aBSREL are both run on leaf branches. Stratum=borderline_distance: Low-gap families whose divergence is expected to push BABAPPA toward borderline.	borderline_distance
OG0002540	OG0002540	publication_benchmark/drosophila_absrel_benchmark_stratified_final/panels/borderline_distance/msas/OG0002540.codon.aln.fasta	publication_benchmark/drosophila_absrel_benchmark_stratified_final/panels/borderline_distance/trees/OG0002540.treefile	leaves	unknown	Drosophila OrthoFinder single-copy ortholog benchmark; BABAPPA and HyPhy aBSREL are both run on leaf branches. Stratum=borderline_distance: Low-gap families whose divergence is expected to push BABAPPA toward borderline.	borderline_distance
OG0002557	OG0002557	publication_benchmark/drosophila_absrel_benchmark_stratified_final/panels/borderline_distance/msas/OG0002557.codon.aln.fasta	publication_benchmark/drosophila_absrel_benchmark_stratified_final/panels/borderline_distance/trees/OG0002557.treefile	leaves	unknown	Drosophila OrthoFinder single-copy ortholog benchmark; BABAPPA and HyPhy aBSREL are both run on leaf branches. Stratum=borderline_distance: Low-gap families whose divergence is expected to push BABAPPA toward borderline.	borderline_distance
OG0002559	OG0002559	publication_benchmark/drosophila_absrel_benchmark_stratified_final/panels/borderline_distance/msas/OG0002559.codon.aln.fasta	publication_benchmark/drosophila_absrel_benchmark_stratified_final/panels/borderline_distance/trees/OG0002559.treefile	leaves	unknown	Drosophila OrthoFinder single-copy ortholog benchmark; BABAPPA and HyPhy aBSREL are both run on leaf branches. Stratum=borderline_distance: Low-gap families whose divergence is expected to push BABAPPA toward borderline.	borderline_distance
OG0002592	OG0002592	publication_benchmark/drosophila_absrel_benchmark_stratified_final/panels/borderline_distance/msas/OG0002592.codon.aln.fasta	publication_benchmark/drosophila_absrel_benchmark_stratified_final/panels/borderline_distance/trees/OG0002592.treefile	leaves	unknown	Drosophila OrthoFinder single-copy ortholog benchmark; BABAPPA and HyPhy aBSREL are both run on leaf branches. Stratum=borderline_distance: Low-gap families whose divergence is expected to push BABAPPA toward borderline.	borderline_distance
OG0002451	OG0002451	publication_benchmark/drosophila_absrel_benchmark_stratified_final/panels/borderline_gap/msas/OG0002451.codon.aln.fasta	publication_benchmark/drosophila_absrel_benchmark_stratified_final/panels/borderline_gap/trees/OG0002451.treefile	leaves	unknown	Drosophila OrthoFinder single-copy ortholog benchmark; BABAPPA and HyPhy aBSREL are both run on leaf branches. Stratum=borderline_gap: Moderate-divergence families with elevated gap burden.	borderline_gap
OG0002453	OG0002453	publication_benchmark/drosophila_absrel_benchmark_stratified_final/panels/borderline_gap/msas/OG0002453.codon.aln.fasta	publication_benchmark/drosophila_absrel_benchmark_stratified_final/panels/borderline_gap/trees/OG0002453.treefile	leaves	unknown	Drosophila OrthoFinder single-copy ortholog benchmark; BABAPPA and HyPhy aBSREL are both run on leaf branches. Stratum=borderline_gap: Moderate-divergence families with elevated gap burden.	borderline_gap
OG0002483	OG0002483	publication_benchmark/drosophila_absrel_benchmark_stratified_final/panels/borderline_gap/msas/OG0002483.codon.aln.fasta	publication_benchmark/drosophila_absrel_benchmark_stratified_final/panels/borderline_gap/trees/OG0002483.treefile	leaves	unknown	Drosophila OrthoFinder single-copy ortholog benchmark; BABAPPA and HyPhy aBSREL are both run on leaf branches. Stratum=borderline_gap: Moderate-divergence families with elevated gap burden.	borderline_gap
OG0002485	OG0002485	publication_benchmark/drosophila_absrel_benchmark_stratified_final/panels/borderline_gap/msas/OG0002485.codon.aln.fasta	publication_benchmark/drosophila_absrel_benchmark_stratified_final/panels/borderline_gap/trees/OG0002485.treefile	leaves	unknown	Drosophila OrthoFinder single-copy ortholog benchmark; BABAPPA and HyPhy aBSREL are both run on leaf branches. Stratum=borderline_gap: Moderate-divergence families with elevated gap burden.	borderline_gap
OG0002488	OG0002488	publication_benchmark/drosophila_absrel_benchmark_stratified_final/panels/borderline_gap/msas/OG0002488.codon.aln.fasta	publication_benchmark/drosophila_absrel_benchmark_stratified_final/panels/borderline_gap/trees/OG0002488.treefile	leaves	unknown	Drosophila OrthoFinder single-copy ortholog benchmark; BABAPPA and HyPhy aBSREL are both run on leaf branches. Stratum=borderline_gap: Moderate-divergence families with elevated gap burden.	borderline_gap
OG0002489	OG0002489	publication_benchmark/drosophila_absrel_benchmark_stratified_final/panels/borderline_gap/msas/OG0002489.codon.aln.fasta	publication_benchmark/drosophila_absrel_benchmark_stratified_final/panels/borderline_gap/trees/OG0002489.treefile	leaves	unknown	Drosophila OrthoFinder single-copy ortholog benchmark; BABAPPA and HyPhy aBSREL are both run on leaf branches. Stratum=borderline_gap: Moderate-divergence families with elevated gap burden.	borderline_gap
OG0002528	OG0002528	publication_benchmark/drosophila_absrel_benchmark_stratified_final/panels/borderline_gap/msas/OG0002528.codon.aln.fasta	publication_benchmark/drosophila_absrel_benchmark_stratified_final/panels/borderline_gap/trees/OG0002528.treefile	leaves	unknown	Drosophila OrthoFinder single-copy ortholog benchmark; BABAPPA and HyPhy aBSREL are both run on leaf branches. Stratum=borderline_gap: Moderate-divergence families with elevated gap burden.	borderline_gap
OG0002529	OG0002529	publication_benchmark/drosophila_absrel_benchmark_stratified_final/panels/borderline_gap/msas/OG0002529.codon.aln.fasta	publication_benchmark/drosophila_absrel_benchmark_stratified_final/panels/borderline_gap/trees/OG0002529.treefile	leaves	unknown	Drosophila OrthoFinder single-copy ortholog benchmark; BABAPPA and HyPhy aBSREL are both run on leaf branches. Stratum=borderline_gap: Moderate-divergence families with elevated gap burden.	borderline_gap
OG0002530	OG0002530	publication_benchmark/drosophila_absrel_benchmark_stratified_final/panels/borderline_gap/msas/OG0002530.codon.aln.fasta	publication_benchmark/drosophila_absrel_benchmark_stratified_final/panels/borderline_gap/trees/OG0002530.treefile	leaves	unknown	Drosophila OrthoFinder single-copy ortholog benchmark; BABAPPA and HyPhy aBSREL are both run on leaf branches. Stratum=borderline_gap: Moderate-divergence families with elevated gap burden.	borderline_gap
OG0002551	OG0002551	publication_benchmark/drosophila_absrel_benchmark_stratified_final/panels/borderline_gap/msas/OG0002551.codon.aln.fasta	publication_benchmark/drosophila_absrel_benchmark_stratified_final/panels/borderline_gap/trees/OG0002551.treefile	leaves	unknown	Drosophila OrthoFinder single-copy ortholog benchmark; BABAPPA and HyPhy aBSREL are both run on leaf branches. Stratum=borderline_gap: Moderate-divergence families with elevated gap burden.	borderline_gap
OG0002597	OG0002597	publication_benchmark/drosophila_absrel_benchmark_stratified_final/panels/borderline_gap/msas/OG0002597.codon.aln.fasta	publication_benchmark/drosophila_absrel_benchmark_stratified_final/panels/borderline_gap/trees/OG0002597.treefile	leaves	unknown	Drosophila OrthoFinder single-copy ortholog benchmark; BABAPPA and HyPhy aBSREL are both run on leaf branches. Stratum=borderline_gap: Moderate-divergence families with elevated gap burden.	borderline_gap
OG0002610	OG0002610	publication_benchmark/drosophila_absrel_benchmark_stratified_final/panels/borderline_gap/msas/OG0002610.codon.aln.fasta	publication_benchmark/drosophila_absrel_benchmark_stratified_final/panels/borderline_gap/trees/OG0002610.treefile	leaves	unknown	Drosophila OrthoFinder single-copy ortholog benchmark; BABAPPA and HyPhy aBSREL are both run on leaf branches. Stratum=borderline_gap: Moderate-divergence families with elevated gap burden.	borderline_gap
OG0002624	OG0002624	publication_benchmark/drosophila_absrel_benchmark_stratified_final/panels/borderline_gap/msas/OG0002624.codon.aln.fasta	publication_benchmark/drosophila_absrel_benchmark_stratified_final/panels/borderline_gap/trees/OG0002624.treefile	leaves	unknown	Drosophila OrthoFinder single-copy ortholog benchmark; BABAPPA and HyPhy aBSREL are both run on leaf branches. Stratum=borderline_gap: Moderate-divergence families with elevated gap burden.	borderline_gap
OG0002629	OG0002629	publication_benchmark/drosophila_absrel_benchmark_stratified_final/panels/borderline_gap/msas/OG0002629.codon.aln.fasta	publication_benchmark/drosophila_absrel_benchmark_stratified_final/panels/borderline_gap/trees/OG0002629.treefile	leaves	unknown	Drosophila OrthoFinder single-copy ortholog benchmark; BABAPPA and HyPhy aBSREL are both run on leaf branches. Stratum=borderline_gap: Moderate-divergence families with elevated gap burden.	borderline_gap
OG0002640	OG0002640	publication_benchmark/drosophila_absrel_benchmark_stratified_final/panels/borderline_gap/msas/OG0002640.codon.aln.fasta	publication_benchmark/drosophila_absrel_benchmark_stratified_final/panels/borderline_gap/trees/OG0002640.treefile	leaves	unknown	Drosophila OrthoFinder single-copy ortholog benchmark; BABAPPA and HyPhy aBSREL are both run on leaf branches. Stratum=borderline_gap: Moderate-divergence families with elevated gap burden.	borderline_gap
OG0002650	OG0002650	publication_benchmark/drosophila_absrel_benchmark_stratified_final/panels/borderline_gap/msas/OG0002650.codon.aln.fasta	publication_benchmark/drosophila_absrel_benchmark_stratified_final/panels/borderline_gap/trees/OG0002650.treefile	leaves	unknown	Drosophila OrthoFinder single-copy ortholog benchmark; BABAPPA and HyPhy aBSREL are both run on leaf branches. Stratum=borderline_gap: Moderate-divergence families with elevated gap burden.	borderline_gap
OG0002653	OG0002653	publication_benchmark/drosophila_absrel_benchmark_stratified_final/panels/borderline_gap/msas/OG0002653.codon.aln.fasta	publication_benchmark/drosophila_absrel_benchmark_stratified_final/panels/borderline_gap/trees/OG0002653.treefile	leaves	unknown	Drosophila OrthoFinder single-copy ortholog benchmark; BABAPPA and HyPhy aBSREL are both run on leaf branches. Stratum=borderline_gap: Moderate-divergence families with elevated gap burden.	borderline_gap
OG0002656	OG0002656	publication_benchmark/drosophila_absrel_benchmark_stratified_final/panels/borderline_gap/msas/OG0002656.codon.aln.fasta	publication_benchmark/drosophila_absrel_benchmark_stratified_final/panels/borderline_gap/trees/OG0002656.treefile	leaves	unknown	Drosophila OrthoFinder single-copy ortholog benchmark; BABAPPA and HyPhy aBSREL are both run on leaf branches. Stratum=borderline_gap: Moderate-divergence families with elevated gap burden.	borderline_gap
OG0002689	OG0002689	publication_benchmark/drosophila_absrel_benchmark_stratified_final/panels/borderline_gap/msas/OG0002689.codon.aln.fasta	publication_benchmark/drosophila_absrel_benchmark_stratified_final/panels/borderline_gap/trees/OG0002689.treefile	leaves	unknown	Drosophila OrthoFinder single-copy ortholog benchmark; BABAPPA and HyPhy aBSREL are both run on leaf branches. Stratum=borderline_gap: Moderate-divergence families with elevated gap burden.	borderline_gap
OG0002699	OG0002699	publication_benchmark/drosophila_absrel_benchmark_stratified_final/panels/borderline_gap/msas/OG0002699.codon.aln.fasta	publication_benchmark/drosophila_absrel_benchmark_stratified_final/panels/borderline_gap/trees/OG0002699.treefile	leaves	unknown	Drosophila OrthoFinder single-copy ortholog benchmark; BABAPPA and HyPhy aBSREL are both run on leaf branches. Stratum=borderline_gap: Moderate-divergence families with elevated gap burden.	borderline_gap
OG0002426	OG0002426	publication_benchmark/drosophila_absrel_benchmark_stratified_final/panels/ood_high_distance/msas/OG0002426.codon.aln.fasta	publication_benchmark/drosophila_absrel_benchmark_stratified_final/panels/ood_high_distance/trees/OG0002426.treefile	leaves	unknown	Drosophila OrthoFinder single-copy ortholog benchmark; BABAPPA and HyPhy aBSREL are both run on leaf branches. Stratum=ood_high_distance: Low-gap but high-divergence OOD stress-test families.	ood_high_distance
OG0002430	OG0002430	publication_benchmark/drosophila_absrel_benchmark_stratified_final/panels/ood_high_distance/msas/OG0002430.codon.aln.fasta	publication_benchmark/drosophila_absrel_benchmark_stratified_final/panels/ood_high_distance/trees/OG0002430.treefile	leaves	unknown	Drosophila OrthoFinder single-copy ortholog benchmark; BABAPPA and HyPhy aBSREL are both run on leaf branches. Stratum=ood_high_distance: Low-gap but high-divergence OOD stress-test families.	ood_high_distance
OG0002441	OG0002441	publication_benchmark/drosophila_absrel_benchmark_stratified_final/panels/ood_high_distance/msas/OG0002441.codon.aln.fasta	publication_benchmark/drosophila_absrel_benchmark_stratified_final/panels/ood_high_distance/trees/OG0002441.treefile	leaves	unknown	Drosophila OrthoFinder single-copy ortholog benchmark; BABAPPA and HyPhy aBSREL are both run on leaf branches. Stratum=ood_high_distance: Low-gap but high-divergence OOD stress-test families.	ood_high_distance
OG0002446	OG0002446	publication_benchmark/drosophila_absrel_benchmark_stratified_final/panels/ood_high_distance/msas/OG0002446.codon.aln.fasta	publication_benchmark/drosophila_absrel_benchmark_stratified_final/panels/ood_high_distance/trees/OG0002446.treefile	leaves	unknown	Drosophila OrthoFinder single-copy ortholog benchmark; BABAPPA and HyPhy aBSREL are both run on leaf branches. Stratum=ood_high_distance: Low-gap but high-divergence OOD stress-test families.	ood_high_distance
OG0002447	OG0002447	publication_benchmark/drosophila_absrel_benchmark_stratified_final/panels/ood_high_distance/msas/OG0002447.codon.aln.fasta	publication_benchmark/drosophila_absrel_benchmark_stratified_final/panels/ood_high_distance/trees/OG0002447.treefile	leaves	unknown	Drosophila OrthoFinder single-copy ortholog benchmark; BABAPPA and HyPhy aBSREL are both run on leaf branches. Stratum=ood_high_distance: Low-gap but high-divergence OOD stress-test families.	ood_high_distance
OG0002460	OG0002460	publication_benchmark/drosophila_absrel_benchmark_stratified_final/panels/ood_high_distance/msas/OG0002460.codon.aln.fasta	publication_benchmark/drosophila_absrel_benchmark_stratified_final/panels/ood_high_distance/trees/OG0002460.treefile	leaves	unknown	Drosophila OrthoFinder single-copy ortholog benchmark; BABAPPA and HyPhy aBSREL are both run on leaf branches. Stratum=ood_high_distance: Low-gap but high-divergence OOD stress-test families.	ood_high_distance
OG0002475	OG0002475	publication_benchmark/drosophila_absrel_benchmark_stratified_final/panels/ood_high_distance/msas/OG0002475.codon.aln.fasta	publication_benchmark/drosophila_absrel_benchmark_stratified_final/panels/ood_high_distance/trees/OG0002475.treefile	leaves	unknown	Drosophila OrthoFinder single-copy ortholog benchmark; BABAPPA and HyPhy aBSREL are both run on leaf branches. Stratum=ood_high_distance: Low-gap but high-divergence OOD stress-test families.	ood_high_distance
OG0002476	OG0002476	publication_benchmark/drosophila_absrel_benchmark_stratified_final/panels/ood_high_distance/msas/OG0002476.codon.aln.fasta	publication_benchmark/drosophila_absrel_benchmark_stratified_final/panels/ood_high_distance/trees/OG0002476.treefile	leaves	unknown	Drosophila OrthoFinder single-copy ortholog benchmark; BABAPPA and HyPhy aBSREL are both run on leaf branches. Stratum=ood_high_distance: Low-gap but high-divergence OOD stress-test families.	ood_high_distance
OG0002477	OG0002477	publication_benchmark/drosophila_absrel_benchmark_stratified_final/panels/ood_high_distance/msas/OG0002477.codon.aln.fasta	publication_benchmark/drosophila_absrel_benchmark_stratified_final/panels/ood_high_distance/trees/OG0002477.treefile	leaves	unknown	Drosophila OrthoFinder single-copy ortholog benchmark; BABAPPA and HyPhy aBSREL are both run on leaf branches. Stratum=ood_high_distance: Low-gap but high-divergence OOD stress-test families.	ood_high_distance
OG0002478	OG0002478	publication_benchmark/drosophila_absrel_benchmark_stratified_final/panels/ood_high_distance/msas/OG0002478.codon.aln.fasta	publication_benchmark/drosophila_absrel_benchmark_stratified_final/panels/ood_high_distance/trees/OG0002478.treefile	leaves	unknown	Drosophila OrthoFinder single-copy ortholog benchmark; BABAPPA and HyPhy aBSREL are both run on leaf branches. Stratum=ood_high_distance: Low-gap but high-divergence OOD stress-test families.	ood_high_distance
OG0002484	OG0002484	publication_benchmark/drosophila_absrel_benchmark_stratified_final/panels/ood_high_distance/msas/OG0002484.codon.aln.fasta	publication_benchmark/drosophila_absrel_benchmark_stratified_final/panels/ood_high_distance/trees/OG0002484.treefile	leaves	unknown	Drosophila OrthoFinder single-copy ortholog benchmark; BABAPPA and HyPhy aBSREL are both run on leaf branches. Stratum=ood_high_distance: Low-gap but high-divergence OOD stress-test families.	ood_high_distance
OG0002496	OG0002496	publication_benchmark/drosophila_absrel_benchmark_stratified_final/panels/ood_high_distance/msas/OG0002496.codon.aln.fasta	publication_benchmark/drosophila_absrel_benchmark_stratified_final/panels/ood_high_distance/trees/OG0002496.treefile	leaves	unknown	Drosophila OrthoFinder single-copy ortholog benchmark; BABAPPA and HyPhy aBSREL are both run on leaf branches. Stratum=ood_high_distance: Low-gap but high-divergence OOD stress-test families.	ood_high_distance
OG0002507	OG0002507	publication_benchmark/drosophila_absrel_benchmark_stratified_final/panels/ood_high_distance/msas/OG0002507.codon.aln.fasta	publication_benchmark/drosophila_absrel_benchmark_stratified_final/panels/ood_high_distance/trees/OG0002507.treefile	leaves	unknown	Drosophila OrthoFinder single-copy ortholog benchmark; BABAPPA and HyPhy aBSREL are both run on leaf branches. Stratum=ood_high_distance: Low-gap but high-divergence OOD stress-test families.	ood_high_distance
OG0002512	OG0002512	publication_benchmark/drosophila_absrel_benchmark_stratified_final/panels/ood_high_distance/msas/OG0002512.codon.aln.fasta	publication_benchmark/drosophila_absrel_benchmark_stratified_final/panels/ood_high_distance/trees/OG0002512.treefile	leaves	unknown	Drosophila OrthoFinder single-copy ortholog benchmark; BABAPPA and HyPhy aBSREL are both run on leaf branches. Stratum=ood_high_distance: Low-gap but high-divergence OOD stress-test families.	ood_high_distance
OG0002555	OG0002555	publication_benchmark/drosophila_absrel_benchmark_stratified_final/panels/ood_high_distance/msas/OG0002555.codon.aln.fasta	publication_benchmark/drosophila_absrel_benchmark_stratified_final/panels/ood_high_distance/trees/OG0002555.treefile	leaves	unknown	Drosophila OrthoFinder single-copy ortholog benchmark; BABAPPA and HyPhy aBSREL are both run on leaf branches. Stratum=ood_high_distance: Low-gap but high-divergence OOD stress-test families.	ood_high_distance
OG0002558	OG0002558	publication_benchmark/drosophila_absrel_benchmark_stratified_final/panels/ood_high_distance/msas/OG0002558.codon.aln.fasta	publication_benchmark/drosophila_absrel_benchmark_stratified_final/panels/ood_high_distance/trees/OG0002558.treefile	leaves	unknown	Drosophila OrthoFinder single-copy ortholog benchmark; BABAPPA and HyPhy aBSREL are both run on leaf branches. Stratum=ood_high_distance: Low-gap but high-divergence OOD stress-test families.	ood_high_distance
OG0002568	OG0002568	publication_benchmark/drosophila_absrel_benchmark_stratified_final/panels/ood_high_distance/msas/OG0002568.codon.aln.fasta	publication_benchmark/drosophila_absrel_benchmark_stratified_final/panels/ood_high_distance/trees/OG0002568.treefile	leaves	unknown	Drosophila OrthoFinder single-copy ortholog benchmark; BABAPPA and HyPhy aBSREL are both run on leaf branches. Stratum=ood_high_distance: Low-gap but high-divergence OOD stress-test families.	ood_high_distance
OG0002572	OG0002572	publication_benchmark/drosophila_absrel_benchmark_stratified_final/panels/ood_high_distance/msas/OG0002572.codon.aln.fasta	publication_benchmark/drosophila_absrel_benchmark_stratified_final/panels/ood_high_distance/trees/OG0002572.treefile	leaves	unknown	Drosophila OrthoFinder single-copy ortholog benchmark; BABAPPA and HyPhy aBSREL are both run on leaf branches. Stratum=ood_high_distance: Low-gap but high-divergence OOD stress-test families.	ood_high_distance
OG0002573	OG0002573	publication_benchmark/drosophila_absrel_benchmark_stratified_final/panels/ood_high_distance/msas/OG0002573.codon.aln.fasta	publication_benchmark/drosophila_absrel_benchmark_stratified_final/panels/ood_high_distance/trees/OG0002573.treefile	leaves	unknown	Drosophila OrthoFinder single-copy ortholog benchmark; BABAPPA and HyPhy aBSREL are both run on leaf branches. Stratum=ood_high_distance: Low-gap but high-divergence OOD stress-test families.	ood_high_distance
OG0002575	OG0002575	publication_benchmark/drosophila_absrel_benchmark_stratified_final/panels/ood_high_distance/msas/OG0002575.codon.aln.fasta	publication_benchmark/drosophila_absrel_benchmark_stratified_final/panels/ood_high_distance/trees/OG0002575.treefile	leaves	unknown	Drosophila OrthoFinder single-copy ortholog benchmark; BABAPPA and HyPhy aBSREL are both run on leaf branches. Stratum=ood_high_distance: Low-gap but high-divergence OOD stress-test families.	ood_high_distance
OG0002425	OG0002425	publication_benchmark/drosophila_absrel_benchmark_stratified_final/panels/ood_high_gap/msas/OG0002425.codon.aln.fasta	publication_benchmark/drosophila_absrel_benchmark_stratified_final/panels/ood_high_gap/trees/OG0002425.treefile	leaves	unknown	Drosophila OrthoFinder single-copy ortholog benchmark; BABAPPA and HyPhy aBSREL are both run on leaf branches. Stratum=ood_high_gap: High-gap OOD stress-test families with non-extreme divergence.	ood_high_gap
OG0002433	OG0002433	publication_benchmark/drosophila_absrel_benchmark_stratified_final/panels/ood_high_gap/msas/OG0002433.codon.aln.fasta	publication_benchmark/drosophila_absrel_benchmark_stratified_final/panels/ood_high_gap/trees/OG0002433.treefile	leaves	unknown	Drosophila OrthoFinder single-copy ortholog benchmark; BABAPPA and HyPhy aBSREL are both run on leaf branches. Stratum=ood_high_gap: High-gap OOD stress-test families with non-extreme divergence.	ood_high_gap
OG0002437	OG0002437	publication_benchmark/drosophila_absrel_benchmark_stratified_final/panels/ood_high_gap/msas/OG0002437.codon.aln.fasta	publication_benchmark/drosophila_absrel_benchmark_stratified_final/panels/ood_high_gap/trees/OG0002437.treefile	leaves	unknown	Drosophila OrthoFinder single-copy ortholog benchmark; BABAPPA and HyPhy aBSREL are both run on leaf branches. Stratum=ood_high_gap: High-gap OOD stress-test families with non-extreme divergence.	ood_high_gap
OG0002438	OG0002438	publication_benchmark/drosophila_absrel_benchmark_stratified_final/panels/ood_high_gap/msas/OG0002438.codon.aln.fasta	publication_benchmark/drosophila_absrel_benchmark_stratified_final/panels/ood_high_gap/trees/OG0002438.treefile	leaves	unknown	Drosophila OrthoFinder single-copy ortholog benchmark; BABAPPA and HyPhy aBSREL are both run on leaf branches. Stratum=ood_high_gap: High-gap OOD stress-test families with non-extreme divergence.	ood_high_gap
OG0002467	OG0002467	publication_benchmark/drosophila_absrel_benchmark_stratified_final/panels/ood_high_gap/msas/OG0002467.codon.aln.fasta	publication_benchmark/drosophila_absrel_benchmark_stratified_final/panels/ood_high_gap/trees/OG0002467.treefile	leaves	unknown	Drosophila OrthoFinder single-copy ortholog benchmark; BABAPPA and HyPhy aBSREL are both run on leaf branches. Stratum=ood_high_gap: High-gap OOD stress-test families with non-extreme divergence.	ood_high_gap
OG0002524	OG0002524	publication_benchmark/drosophila_absrel_benchmark_stratified_final/panels/ood_high_gap/msas/OG0002524.codon.aln.fasta	publication_benchmark/drosophila_absrel_benchmark_stratified_final/panels/ood_high_gap/trees/OG0002524.treefile	leaves	unknown	Drosophila OrthoFinder single-copy ortholog benchmark; BABAPPA and HyPhy aBSREL are both run on leaf branches. Stratum=ood_high_gap: High-gap OOD stress-test families with non-extreme divergence.	ood_high_gap
OG0002525	OG0002525	publication_benchmark/drosophila_absrel_benchmark_stratified_final/panels/ood_high_gap/msas/OG0002525.codon.aln.fasta	publication_benchmark/drosophila_absrel_benchmark_stratified_final/panels/ood_high_gap/trees/OG0002525.treefile	leaves	unknown	Drosophila OrthoFinder single-copy ortholog benchmark; BABAPPA and HyPhy aBSREL are both run on leaf branches. Stratum=ood_high_gap: High-gap OOD stress-test families with non-extreme divergence.	ood_high_gap
OG0002549	OG0002549	publication_benchmark/drosophila_absrel_benchmark_stratified_final/panels/ood_high_gap/msas/OG0002549.codon.aln.fasta	publication_benchmark/drosophila_absrel_benchmark_stratified_final/panels/ood_high_gap/trees/OG0002549.treefile	leaves	unknown	Drosophila OrthoFinder single-copy ortholog benchmark; BABAPPA and HyPhy aBSREL are both run on leaf branches. Stratum=ood_high_gap: High-gap OOD stress-test families with non-extreme divergence.	ood_high_gap
OG0002561	OG0002561	publication_benchmark/drosophila_absrel_benchmark_stratified_final/panels/ood_high_gap/msas/OG0002561.codon.aln.fasta	publication_benchmark/drosophila_absrel_benchmark_stratified_final/panels/ood_high_gap/trees/OG0002561.treefile	leaves	unknown	Drosophila OrthoFinder single-copy ortholog benchmark; BABAPPA and HyPhy aBSREL are both run on leaf branches. Stratum=ood_high_gap: High-gap OOD stress-test families with non-extreme divergence.	ood_high_gap
OG0002628	OG0002628	publication_benchmark/drosophila_absrel_benchmark_stratified_final/panels/ood_high_gap/msas/OG0002628.codon.aln.fasta	publication_benchmark/drosophila_absrel_benchmark_stratified_final/panels/ood_high_gap/trees/OG0002628.treefile	leaves	unknown	Drosophila OrthoFinder single-copy ortholog benchmark; BABAPPA and HyPhy aBSREL are both run on leaf branches. Stratum=ood_high_gap: High-gap OOD stress-test families with non-extreme divergence.	ood_high_gap
OG0002639	OG0002639	publication_benchmark/drosophila_absrel_benchmark_stratified_final/panels/ood_high_gap/msas/OG0002639.codon.aln.fasta	publication_benchmark/drosophila_absrel_benchmark_stratified_final/panels/ood_high_gap/trees/OG0002639.treefile	leaves	unknown	Drosophila OrthoFinder single-copy ortholog benchmark; BABAPPA and HyPhy aBSREL are both run on leaf branches. Stratum=ood_high_gap: High-gap OOD stress-test families with non-extreme divergence.	ood_high_gap
OG0002645	OG0002645	publication_benchmark/drosophila_absrel_benchmark_stratified_final/panels/ood_high_gap/msas/OG0002645.codon.aln.fasta	publication_benchmark/drosophila_absrel_benchmark_stratified_final/panels/ood_high_gap/trees/OG0002645.treefile	leaves	unknown	Drosophila OrthoFinder single-copy ortholog benchmark; BABAPPA and HyPhy aBSREL are both run on leaf branches. Stratum=ood_high_gap: High-gap OOD stress-test families with non-extreme divergence.	ood_high_gap
OG0002660	OG0002660	publication_benchmark/drosophila_absrel_benchmark_stratified_final/panels/ood_high_gap/msas/OG0002660.codon.aln.fasta	publication_benchmark/drosophila_absrel_benchmark_stratified_final/panels/ood_high_gap/trees/OG0002660.treefile	leaves	unknown	Drosophila OrthoFinder single-copy ortholog benchmark; BABAPPA and HyPhy aBSREL are both run on leaf branches. Stratum=ood_high_gap: High-gap OOD stress-test families with non-extreme divergence.	ood_high_gap
OG0002661	OG0002661	publication_benchmark/drosophila_absrel_benchmark_stratified_final/panels/ood_high_gap/msas/OG0002661.codon.aln.fasta	publication_benchmark/drosophila_absrel_benchmark_stratified_final/panels/ood_high_gap/trees/OG0002661.treefile	leaves	unknown	Drosophila OrthoFinder single-copy ortholog benchmark; BABAPPA and HyPhy aBSREL are both run on leaf branches. Stratum=ood_high_gap: High-gap OOD stress-test families with non-extreme divergence.	ood_high_gap
OG0002676	OG0002676	publication_benchmark/drosophila_absrel_benchmark_stratified_final/panels/ood_high_gap/msas/OG0002676.codon.aln.fasta	publication_benchmark/drosophila_absrel_benchmark_stratified_final/panels/ood_high_gap/trees/OG0002676.treefile	leaves	unknown	Drosophila OrthoFinder single-copy ortholog benchmark; BABAPPA and HyPhy aBSREL are both run on leaf branches. Stratum=ood_high_gap: High-gap OOD stress-test families with non-extreme divergence.	ood_high_gap
OG0002695	OG0002695	publication_benchmark/drosophila_absrel_benchmark_stratified_final/panels/ood_high_gap/msas/OG0002695.codon.aln.fasta	publication_benchmark/drosophila_absrel_benchmark_stratified_final/panels/ood_high_gap/trees/OG0002695.treefile	leaves	unknown	Drosophila OrthoFinder single-copy ortholog benchmark; BABAPPA and HyPhy aBSREL are both run on leaf branches. Stratum=ood_high_gap: High-gap OOD stress-test families with non-extreme divergence.	ood_high_gap
OG0002738	OG0002738	publication_benchmark/drosophila_absrel_benchmark_stratified_final/panels/ood_high_gap/msas/OG0002738.codon.aln.fasta	publication_benchmark/drosophila_absrel_benchmark_stratified_final/panels/ood_high_gap/trees/OG0002738.treefile	leaves	unknown	Drosophila OrthoFinder single-copy ortholog benchmark; BABAPPA and HyPhy aBSREL are both run on leaf branches. Stratum=ood_high_gap: High-gap OOD stress-test families with non-extreme divergence.	ood_high_gap
OG0002779	OG0002779	publication_benchmark/drosophila_absrel_benchmark_stratified_final/panels/ood_high_gap/msas/OG0002779.codon.aln.fasta	publication_benchmark/drosophila_absrel_benchmark_stratified_final/panels/ood_high_gap/trees/OG0002779.treefile	leaves	unknown	Drosophila OrthoFinder single-copy ortholog benchmark; BABAPPA and HyPhy aBSREL are both run on leaf branches. Stratum=ood_high_gap: High-gap OOD stress-test families with non-extreme divergence.	ood_high_gap
OG0002792	OG0002792	publication_benchmark/drosophila_absrel_benchmark_stratified_final/panels/ood_high_gap/msas/OG0002792.codon.aln.fasta	publication_benchmark/drosophila_absrel_benchmark_stratified_final/panels/ood_high_gap/trees/OG0002792.treefile	leaves	unknown	Drosophila OrthoFinder single-copy ortholog benchmark; BABAPPA and HyPhy aBSREL are both run on leaf branches. Stratum=ood_high_gap: High-gap OOD stress-test families with non-extreme divergence.	ood_high_gap
OG0002842	OG0002842	publication_benchmark/drosophila_absrel_benchmark_stratified_final/panels/ood_high_gap/msas/OG0002842.codon.aln.fasta	publication_benchmark/drosophila_absrel_benchmark_stratified_final/panels/ood_high_gap/trees/OG0002842.treefile	leaves	unknown	Drosophila OrthoFinder single-copy ortholog benchmark; BABAPPA and HyPhy aBSREL are both run on leaf branches. Stratum=ood_high_gap: High-gap OOD stress-test families with non-extreme divergence.	ood_high_gap
OG0002422	OG0002422	publication_benchmark/drosophila_absrel_benchmark_stratified_final/panels/extreme_distance_stress/msas/OG0002422.codon.aln.fasta	publication_benchmark/drosophila_absrel_benchmark_stratified_final/panels/extreme_distance_stress/trees/OG0002422.treefile	leaves	unknown	Drosophila OrthoFinder single-copy ortholog benchmark; BABAPPA and HyPhy aBSREL are both run on leaf branches. Stratum=extreme_distance_stress: Very high-divergence families used to test abstention and failure modes.	extreme_distance_stress
OG0002429	OG0002429	publication_benchmark/drosophila_absrel_benchmark_stratified_final/panels/extreme_distance_stress/msas/OG0002429.codon.aln.fasta	publication_benchmark/drosophila_absrel_benchmark_stratified_final/panels/extreme_distance_stress/trees/OG0002429.treefile	leaves	unknown	Drosophila OrthoFinder single-copy ortholog benchmark; BABAPPA and HyPhy aBSREL are both run on leaf branches. Stratum=extreme_distance_stress: Very high-divergence families used to test abstention and failure modes.	extreme_distance_stress
OG0002434	OG0002434	publication_benchmark/drosophila_absrel_benchmark_stratified_final/panels/extreme_distance_stress/msas/OG0002434.codon.aln.fasta	publication_benchmark/drosophila_absrel_benchmark_stratified_final/panels/extreme_distance_stress/trees/OG0002434.treefile	leaves	unknown	Drosophila OrthoFinder single-copy ortholog benchmark; BABAPPA and HyPhy aBSREL are both run on leaf branches. Stratum=extreme_distance_stress: Very high-divergence families used to test abstention and failure modes.	extreme_distance_stress
OG0002445	OG0002445	publication_benchmark/drosophila_absrel_benchmark_stratified_final/panels/extreme_distance_stress/msas/OG0002445.codon.aln.fasta	publication_benchmark/drosophila_absrel_benchmark_stratified_final/panels/extreme_distance_stress/trees/OG0002445.treefile	leaves	unknown	Drosophila OrthoFinder single-copy ortholog benchmark; BABAPPA and HyPhy aBSREL are both run on leaf branches. Stratum=extreme_distance_stress: Very high-divergence families used to test abstention and failure modes.	extreme_distance_stress
OG0002449	OG0002449	publication_benchmark/drosophila_absrel_benchmark_stratified_final/panels/extreme_distance_stress/msas/OG0002449.codon.aln.fasta	publication_benchmark/drosophila_absrel_benchmark_stratified_final/panels/extreme_distance_stress/trees/OG0002449.treefile	leaves	unknown	Drosophila OrthoFinder single-copy ortholog benchmark; BABAPPA and HyPhy aBSREL are both run on leaf branches. Stratum=extreme_distance_stress: Very high-divergence families used to test abstention and failure modes.	extreme_distance_stress
OG0002461	OG0002461	publication_benchmark/drosophila_absrel_benchmark_stratified_final/panels/extreme_distance_stress/msas/OG0002461.codon.aln.fasta	publication_benchmark/drosophila_absrel_benchmark_stratified_final/panels/extreme_distance_stress/trees/OG0002461.treefile	leaves	unknown	Drosophila OrthoFinder single-copy ortholog benchmark; BABAPPA and HyPhy aBSREL are both run on leaf branches. Stratum=extreme_distance_stress: Very high-divergence families used to test abstention and failure modes.	extreme_distance_stress
OG0002463	OG0002463	publication_benchmark/drosophila_absrel_benchmark_stratified_final/panels/extreme_distance_stress/msas/OG0002463.codon.aln.fasta	publication_benchmark/drosophila_absrel_benchmark_stratified_final/panels/extreme_distance_stress/trees/OG0002463.treefile	leaves	unknown	Drosophila OrthoFinder single-copy ortholog benchmark; BABAPPA and HyPhy aBSREL are both run on leaf branches. Stratum=extreme_distance_stress: Very high-divergence families used to test abstention and failure modes.	extreme_distance_stress
OG0002464	OG0002464	publication_benchmark/drosophila_absrel_benchmark_stratified_final/panels/extreme_distance_stress/msas/OG0002464.codon.aln.fasta	publication_benchmark/drosophila_absrel_benchmark_stratified_final/panels/extreme_distance_stress/trees/OG0002464.treefile	leaves	unknown	Drosophila OrthoFinder single-copy ortholog benchmark; BABAPPA and HyPhy aBSREL are both run on leaf branches. Stratum=extreme_distance_stress: Very high-divergence families used to test abstention and failure modes.	extreme_distance_stress
OG0002472	OG0002472	publication_benchmark/drosophila_absrel_benchmark_stratified_final/panels/extreme_distance_stress/msas/OG0002472.codon.aln.fasta	publication_benchmark/drosophila_absrel_benchmark_stratified_final/panels/extreme_distance_stress/trees/OG0002472.treefile	leaves	unknown	Drosophila OrthoFinder single-copy ortholog benchmark; BABAPPA and HyPhy aBSREL are both run on leaf branches. Stratum=extreme_distance_stress: Very high-divergence families used to test abstention and failure modes.	extreme_distance_stress
OG0002474	OG0002474	publication_benchmark/drosophila_absrel_benchmark_stratified_final/panels/extreme_distance_stress/msas/OG0002474.codon.aln.fasta	publication_benchmark/drosophila_absrel_benchmark_stratified_final/panels/extreme_distance_stress/trees/OG0002474.treefile	leaves	unknown	Drosophila OrthoFinder single-copy ortholog benchmark; BABAPPA and HyPhy aBSREL are both run on leaf branches. Stratum=extreme_distance_stress: Very high-divergence families used to test abstention and failure modes.	extreme_distance_stress
OG0002486	OG0002486	publication_benchmark/drosophila_absrel_benchmark_stratified_final/panels/extreme_distance_stress/msas/OG0002486.codon.aln.fasta	publication_benchmark/drosophila_absrel_benchmark_stratified_final/panels/extreme_distance_stress/trees/OG0002486.treefile	leaves	unknown	Drosophila OrthoFinder single-copy ortholog benchmark; BABAPPA and HyPhy aBSREL are both run on leaf branches. Stratum=extreme_distance_stress: Very high-divergence families used to test abstention and failure modes.	extreme_distance_stress
OG0002490	OG0002490	publication_benchmark/drosophila_absrel_benchmark_stratified_final/panels/extreme_distance_stress/msas/OG0002490.codon.aln.fasta	publication_benchmark/drosophila_absrel_benchmark_stratified_final/panels/extreme_distance_stress/trees/OG0002490.treefile	leaves	unknown	Drosophila OrthoFinder single-copy ortholog benchmark; BABAPPA and HyPhy aBSREL are both run on leaf branches. Stratum=extreme_distance_stress: Very high-divergence families used to test abstention and failure modes.	extreme_distance_stress
OG0002492	OG0002492	publication_benchmark/drosophila_absrel_benchmark_stratified_final/panels/extreme_distance_stress/msas/OG0002492.codon.aln.fasta	publication_benchmark/drosophila_absrel_benchmark_stratified_final/panels/extreme_distance_stress/trees/OG0002492.treefile	leaves	unknown	Drosophila OrthoFinder single-copy ortholog benchmark; BABAPPA and HyPhy aBSREL are both run on leaf branches. Stratum=extreme_distance_stress: Very high-divergence families used to test abstention and failure modes.	extreme_distance_stress
OG0002501	OG0002501	publication_benchmark/drosophila_absrel_benchmark_stratified_final/panels/extreme_distance_stress/msas/OG0002501.codon.aln.fasta	publication_benchmark/drosophila_absrel_benchmark_stratified_final/panels/extreme_distance_stress/trees/OG0002501.treefile	leaves	unknown	Drosophila OrthoFinder single-copy ortholog benchmark; BABAPPA and HyPhy aBSREL are both run on leaf branches. Stratum=extreme_distance_stress: Very high-divergence families used to test abstention and failure modes.	extreme_distance_stress
OG0002502	OG0002502	publication_benchmark/drosophila_absrel_benchmark_stratified_final/panels/extreme_distance_stress/msas/OG0002502.codon.aln.fasta	publication_benchmark/drosophila_absrel_benchmark_stratified_final/panels/extreme_distance_stress/trees/OG0002502.treefile	leaves	unknown	Drosophila OrthoFinder single-copy ortholog benchmark; BABAPPA and HyPhy aBSREL are both run on leaf branches. Stratum=extreme_distance_stress: Very high-divergence families used to test abstention and failure modes.	extreme_distance_stress
OG0002510	OG0002510	publication_benchmark/drosophila_absrel_benchmark_stratified_final/panels/extreme_distance_stress/msas/OG0002510.codon.aln.fasta	publication_benchmark/drosophila_absrel_benchmark_stratified_final/panels/extreme_distance_stress/trees/OG0002510.treefile	leaves	unknown	Drosophila OrthoFinder single-copy ortholog benchmark; BABAPPA and HyPhy aBSREL are both run on leaf branches. Stratum=extreme_distance_stress: Very high-divergence families used to test abstention and failure modes.	extreme_distance_stress
OG0002511	OG0002511	publication_benchmark/drosophila_absrel_benchmark_stratified_final/panels/extreme_distance_stress/msas/OG0002511.codon.aln.fasta	publication_benchmark/drosophila_absrel_benchmark_stratified_final/panels/extreme_distance_stress/trees/OG0002511.treefile	leaves	unknown	Drosophila OrthoFinder single-copy ortholog benchmark; BABAPPA and HyPhy aBSREL are both run on leaf branches. Stratum=extreme_distance_stress: Very high-divergence families used to test abstention and failure modes.	extreme_distance_stress
OG0002514	OG0002514	publication_benchmark/drosophila_absrel_benchmark_stratified_final/panels/extreme_distance_stress/msas/OG0002514.codon.aln.fasta	publication_benchmark/drosophila_absrel_benchmark_stratified_final/panels/extreme_distance_stress/trees/OG0002514.treefile	leaves	unknown	Drosophila OrthoFinder single-copy ortholog benchmark; BABAPPA and HyPhy aBSREL are both run on leaf branches. Stratum=extreme_distance_stress: Very high-divergence families used to test abstention and failure modes.	extreme_distance_stress
OG0002521	OG0002521	publication_benchmark/drosophila_absrel_benchmark_stratified_final/panels/extreme_distance_stress/msas/OG0002521.codon.aln.fasta	publication_benchmark/drosophila_absrel_benchmark_stratified_final/panels/extreme_distance_stress/trees/OG0002521.treefile	leaves	unknown	Drosophila OrthoFinder single-copy ortholog benchmark; BABAPPA and HyPhy aBSREL are both run on leaf branches. Stratum=extreme_distance_stress: Very high-divergence families used to test abstention and failure modes.	extreme_distance_stress
OG0002526	OG0002526	publication_benchmark/drosophila_absrel_benchmark_stratified_final/panels/extreme_distance_stress/msas/OG0002526.codon.aln.fasta	publication_benchmark/drosophila_absrel_benchmark_stratified_final/panels/extreme_distance_stress/trees/OG0002526.treefile	leaves	unknown	Drosophila OrthoFinder single-copy ortholog benchmark; BABAPPA and HyPhy aBSREL are both run on leaf branches. Stratum=extreme_distance_stress: Very high-divergence families used to test abstention and failure modes.	extreme_distance_stress
